timestamp,event_id,shipment_id,decision,outcome_score
2025-12-26T10:25:29.421758,news_1766724928932,SHP_1616,INFO,0.0
2025-12-26T10:25:34.977441,news_1766724934522,SHP_1616,CRITICAL: REROUTE,0.0
2025-12-26T10:25:42.531083,news_1766724942008,SHP_1616,CRITICAL: REROUTE,0.0
2025-12-26T10:25:50.982236,news_1766724949483,SHP_3819,INFO,0.0
2025-12-26T10:25:50.982236,news_1766724949483,SHP_8186,INFO,0.0
2025-12-26T10:25:50.982236,news_1766724949483,SHP_5881,INFO,0.0
2025-12-26T10:26:23.124364,news_1766724982679,SHP_1616,INFO,0.0
2025-12-26T10:27:00.772293,news_1766725019237,SHP_3819,CRITICAL: REROUTE,0.0
2025-12-26T10:27:00.772293,news_1766725019237,SHP_8186,CRITICAL: REROUTE,0.0
2025-12-26T10:27:00.772293,news_1766725019237,SHP_5881,CRITICAL: REROUTE,0.0
2025-12-26T10:27:15.399752,news_1766725034868,SHP_1616,WARNING: ALERT,0.0
2025-12-26T10:27:42.498693,news_1766725062025,SHP_1616,WARNING: ALERT,0.0
2025-12-26T10:28:34.006575,news_1766725110967,SHP_4217,INFO,0.0
2025-12-26T10:28:34.006575,news_1766725110967,SHP_3956,INFO,0.0
2025-12-26T10:28:43.775139,news_1766725121048,SHP_7086,INFO,0.0
2025-12-26T10:28:43.775139,news_1766725121048,SHP_3716,INFO,0.0
2025-12-26T10:28:52.030844,news_1766725129519,SHP_4566,CRITICAL: REROUTE,0.0
2025-12-26T10:29:02.297644,news_1766725138904,SHP_7086,WARNING: ALERT,0.0
2025-12-26T10:29:02.297644,news_1766725138904,SHP_3716,WARNING: ALERT,0.0
2025-12-26T10:29:20.709004,news_1766725157755,SHP_4217,INFO,0.0
2025-12-26T10:29:20.709004,news_1766725157755,SHP_3956,INFO,0.0
2025-12-26T10:29:30.364751,news_1766725168457,SHP_4566,INFO,0.0
2025-12-26T10:29:38.979357,news_1766725176976,SHP_4566,INFO,0.0
2025-12-26T10:30:00.482429,news_1766725196967,SHP_7086,WARNING: ALERT,0.0
2025-12-26T10:30:00.482429,news_1766725196967,SHP_3716,WARNING: ALERT,0.0
2025-12-26T10:30:11.493494,news_1766725207634,SHP_4217,WARNING: ALERT,0.0
2025-12-26T10:30:11.493494,news_1766725207634,SHP_3956,WARNING: ALERT,0.0
2025-12-26T10:30:20.635756,news_1766725217858,SHP_4217,INFO,0.0
2025-12-26T10:30:20.635756,news_1766725217858,SHP_3956,INFO,0.0
2025-12-26T10:30:38.757270,news_1766725235667,SHP_4217,INFO,0.0
2025-12-26T10:30:38.757270,news_1766725235667,SHP_3956,INFO,0.0
2025-12-26T10:30:47.887245,news_1766725245820,SHP_4566,INFO,0.0
2025-12-26T10:31:09.102123,news_1766725267195,SHP_4566,INFO,0.0
2025-12-26T10:31:24.893111,news_1766725281626,SHP_7086,WARNING: ALERT,0.0
2025-12-26T10:31:24.893111,news_1766725281626,SHP_3716,WARNING: ALERT,0.0
2025-12-26T10:31:35.612262,news_1766725292645,SHP_4217,INFO,0.0
2025-12-26T10:31:35.612262,news_1766725292645,SHP_3956,INFO,0.0
2025-12-26T10:31:45.624689,news_1766725303469,SHP_4566,INFO,0.0
2025-12-26T10:31:56.351702,news_1766725313446,SHP_4217,INFO,0.0
2025-12-26T10:31:56.351702,news_1766725313446,SHP_3956,INFO,0.0
2025-12-26T10:32:35.404124,news_1766725351914,SHP_4217,INFO,0.0
2025-12-26T10:32:35.404124,news_1766725351914,SHP_3956,INFO,0.0
2025-12-26T10:32:46.649590,news_1766725362881,SHP_4217,CRITICAL: REROUTE,0.0
2025-12-26T10:32:46.649590,news_1766725362881,SHP_3956,CRITICAL: REROUTE,0.0
2025-12-26T10:33:05.102541,news_1766725382202,SHP_4217,INFO,0.0
2025-12-26T10:33:05.102541,news_1766725382202,SHP_3956,INFO,0.0
2025-12-26T10:33:13.403819,news_1766725391232,SHP_4566,WARNING: ALERT,0.0
2025-12-26T10:33:49.912678,news_1766725427706,SHP_4566,WARNING: ALERT,0.0
2025-12-26T10:33:57.227714,news_1766725435007,SHP_4566,CRITICAL: REROUTE,0.0
2025-12-26T10:34:06.176876,news_1766725444356,SHP_4566,INFO,0.0
2025-12-26T10:34:14.540963,news_1766725451631,SHP_7086,INFO,0.0
2025-12-26T10:34:14.540963,news_1766725451631,SHP_3716,INFO,0.0
2025-12-26T10:34:25.328490,news_1766725462249,SHP_4217,INFO,0.0
2025-12-26T10:34:25.328490,news_1766725462249,SHP_3956,INFO,0.0
2025-12-26T10:34:42.746553,news_1766725479087,SHP_4217,WARNING: ALERT,0.0
2025-12-26T10:34:42.746553,news_1766725479087,SHP_3956,WARNING: ALERT,0.0
2025-12-26T10:34:54.047696,news_1766725490581,SHP_4217,WARNING: ALERT,0.0
2025-12-26T10:34:54.047696,news_1766725490581,SHP_3956,WARNING: ALERT,0.0
2025-12-26T10:38:27.182572,news_1766725705091,SHP_7540,CRITICAL: REROUTE,0.0
2025-12-26T10:38:51.490318,news_1766725729624,SHP_7540,INFO,0.0
2025-12-26T10:39:07.159442,news_1766725745321,SHP_7540,INFO,0.0
2025-12-26T10:39:17.082780,news_1766725753736,SHP_3239,CRITICAL: REROUTE,0.0
2025-12-26T10:39:17.082780,news_1766725753736,SHP_7728,CRITICAL: REROUTE,0.0
2025-12-26T10:39:31.951098,news_1766725768528,SHP_3239,INFO,0.0
2025-12-26T10:39:31.951098,news_1766725768528,SHP_7728,INFO,0.0
2025-12-26T10:39:49.021374,news_1766725785576,SHP_3239,WARNING: ALERT,0.0
2025-12-26T10:39:49.021374,news_1766725785576,SHP_7728,WARNING: ALERT,0.0
2025-12-26T10:39:56.184386,news_1766725794282,SHP_7540,INFO,0.0
2025-12-26T10:40:11.843257,news_1766725808314,SHP_3239,CRITICAL: REROUTE,0.0
2025-12-26T10:40:11.843257,news_1766725808314,SHP_7728,CRITICAL: REROUTE,0.0
2025-12-26T10:40:26.083336,news_1766725823895,SHP_8321,WARNING: ALERT,0.0
2025-12-26T10:40:40.941984,news_1766725838979,SHP_7540,INFO,0.0
2025-12-26T10:40:57.644585,news_1766725854308,SHP_3239,CRITICAL: REROUTE,0.0
2025-12-26T10:40:57.644585,news_1766725854308,SHP_7728,CRITICAL: REROUTE,0.0
2025-12-26T10:41:05.511020,news_1766725863661,SHP_8321,INFO,0.0
2025-12-26T10:41:14.347389,news_1766725872202,SHP_7540,WARNING: ALERT,0.0
2025-12-26T10:41:31.040350,news_1766725888007,SHP_3239,INFO,0.0
2025-12-26T10:41:31.040350,news_1766725888007,SHP_7728,INFO,0.0
2025-12-26T10:41:40.631800,news_1766725898501,SHP_8321,CRITICAL: REROUTE,0.0
2025-12-26T10:42:23.699111,news_1766725941575,SHP_7540,WARNING: ALERT,0.0
2025-12-26T10:42:31.991523,news_1766725949834,SHP_7540,WARNING: ALERT,0.0
2025-12-26T10:42:47.009539,news_1766725965192,SHP_7540,INFO,0.0
2025-12-26T10:42:54.972920,news_1766725972819,SHP_7540,CRITICAL: REROUTE,0.0
2025-12-26T10:43:04.789282,news_1766725981891,SHP_3239,INFO,0.0
2025-12-26T10:43:04.789282,news_1766725981891,SHP_7728,INFO,0.0
2025-12-26T10:43:14.095908,news_1766725992362,SHP_7540,INFO,0.0
2025-12-26T10:43:39.853048,news_1766726017058,SHP_3239,INFO,0.0
2025-12-26T10:43:39.853048,news_1766726017058,SHP_7728,INFO,0.0
2025-12-26T10:43:50.065761,news_1766726026584,SHP_3239,CRITICAL: REROUTE,0.0
2025-12-26T10:43:50.065761,news_1766726026584,SHP_7728,CRITICAL: REROUTE,0.0
2025-12-26T10:44:04.925547,news_1766726041505,SHP_3239,WARNING: ALERT,0.0
2025-12-26T10:44:04.925547,news_1766726041505,SHP_7728,WARNING: ALERT,0.0
2025-12-26T10:44:13.409837,news_1766726051557,SHP_7540,INFO,0.0
2025-12-26T10:44:33.174462,news_1766726070780,SHP_8321,WARNING: ALERT,0.0
2025-12-26T10:54:07.600994,news_1766726644810,SHP_4376,INFO,0.0
2025-12-26T10:54:07.600994,news_1766726644810,SHP_6067,INFO,0.0
2025-12-26T10:54:22.697096,news_1766726660924,SHP_1739,INFO,0.0
2025-12-26T11:10:01.134724,news_1766727599044,SHP_3102,WARNING: ALERT,0.0
2025-12-26T11:10:08.462747,news_1766727606396,SHP_6747,WARNING: ALERT,0.0
2025-12-26T11:10:16.964946,news_1766727613566,SHP_7719,CRITICAL: REROUTE,0.0
2025-12-26T11:10:16.964946,news_1766727613566,SHP_2531,CRITICAL: REROUTE,0.0
2025-12-26T11:10:32.427406,news_1766727630478,SHP_3102,INFO,0.0
2025-12-26T11:10:39.901653,news_1766727637930,SHP_6747,INFO,0.0
2025-12-26T11:10:48.199120,news_1766727645267,SHP_7719,INFO,0.0
2025-12-26T11:10:48.199120,news_1766727645267,SHP_2531,INFO,0.0
2025-12-26T11:10:58.433033,news_1766727654948,SHP_7719,WARNING: ALERT,0.0
2025-12-26T11:10:58.433033,news_1766727654948,SHP_2531,WARNING: ALERT,0.0
2025-12-26T11:11:06.811286,news_1766727664668,SHP_3102,INFO,0.0
2025-12-26T11:11:16.768672,news_1766727674787,SHP_3102,INFO,0.0
2025-12-26T11:11:34.455589,news_1766727690993,SHP_7719,WARNING: ALERT,0.0
2025-12-26T11:11:34.455589,news_1766727690993,SHP_2531,WARNING: ALERT,0.0
2025-12-26T11:11:45.826541,news_1766727702423,SHP_7719,CRITICAL: REROUTE,0.0
2025-12-26T11:11:45.826541,news_1766727702423,SHP_2531,CRITICAL: REROUTE,0.0
2025-12-26T11:11:55.953512,news_1766727712501,SHP_7719,WARNING: ALERT,0.0
2025-12-26T11:11:55.953512,news_1766727712501,SHP_2531,WARNING: ALERT,0.0
2025-12-26T11:12:06.834241,news_1766727723353,SHP_7719,WARNING: ALERT,0.0
2025-12-26T11:12:06.834241,news_1766727723353,SHP_2531,WARNING: ALERT,0.0
2025-12-26T11:12:19.908439,news_1766727738089,SHP_3102,INFO,0.0
2025-12-26T11:12:29.837042,news_1766727747055,SHP_7719,INFO,0.0
2025-12-26T11:12:29.837042,news_1766727747055,SHP_2531,INFO,0.0
2025-12-26T11:12:39.464899,news_1766727757643,SHP_3102,INFO,0.0
2025-12-26T11:12:47.567314,news_1766727765494,SHP_6747,INFO,0.0
2025-12-26T11:12:54.500760,news_1766727772690,SHP_3102,INFO,0.0
2025-12-26T11:13:10.564124,news_1766727788685,SHP_6747,INFO,0.0
2025-12-26T11:13:19.432020,news_1766727796719,SHP_7719,INFO,0.0
2025-12-26T11:13:19.432020,news_1766727796719,SHP_2531,INFO,0.0
2025-12-26T11:13:39.558548,news_1766727817656,SHP_6747,INFO,0.0
2025-12-26T11:13:47.611537,news_1766727825737,SHP_3102,INFO,0.0
2025-12-26T11:14:09.612597,news_1766727846471,SHP_3102,CRITICAL: REROUTE,0.0
2025-12-26T11:14:18.559339,news_1766727856769,SHP_6747,INFO,0.0
2025-12-26T11:14:27.941798,news_1766727865832,SHP_3102,CRITICAL: REROUTE,0.0
2025-12-26T11:14:37.596635,news_1766727875344,SHP_6747,WARNING: ALERT,0.0
2025-12-26T11:14:45.124879,news_1766727883054,SHP_6747,CRITICAL: REROUTE,0.0
2025-12-26T11:14:54.514195,news_1766727892626,SHP_3102,INFO,0.0
2025-12-26T11:15:03.894614,news_1766727901860,SHP_3102,INFO,0.0
2025-12-26T11:15:14.504401,news_1766727911376,SHP_7719,INFO,0.0
2025-12-26T11:15:14.504401,news_1766727911376,SHP_2531,INFO,0.0
2025-12-26T11:15:24.387656,news_1766727922154,SHP_6747,WARNING: ALERT,0.0
2025-12-26T11:15:39.693569,news_1766727937869,SHP_3102,INFO,0.0
2025-12-26T11:16:13.371668,news_1766727970574,SHP_7719,INFO,0.0
2025-12-26T11:16:13.371668,news_1766727970574,SHP_2531,INFO,0.0
2025-12-26T11:16:22.975366,news_1766727979564,SHP_7719,WARNING: ALERT,0.0
2025-12-26T11:16:22.975366,news_1766727979564,SHP_2531,WARNING: ALERT,0.0
2025-12-26T11:16:32.902144,news_1766727990003,SHP_7719,INFO,0.0
2025-12-26T11:16:32.902144,news_1766727990003,SHP_2531,INFO,0.0
2025-12-26T11:16:58.758095,news_1766728015448,SHP_7719,CRITICAL: REROUTE,0.0
2025-12-26T11:16:58.758095,news_1766728015448,SHP_2531,CRITICAL: REROUTE,0.0
2025-12-26T11:17:07.190239,news_1766728025359,SHP_6747,INFO,0.0
2025-12-26T11:17:30.959438,news_1766728047648,SHP_7719,WARNING: ALERT,0.0
2025-12-26T11:17:30.959438,news_1766728047648,SHP_2531,WARNING: ALERT,0.0
2025-12-26T11:17:39.322856,news_1766728057239,SHP_6747,WARNING: ALERT,0.0
2025-12-26T11:17:46.384166,news_1766728064569,SHP_6747,INFO,0.0
2025-12-26T11:17:53.665473,news_1766728071907,SHP_3102,INFO,0.0
2025-12-26T11:18:15.029298,news_1766728093073,SHP_6747,INFO,0.0
2025-12-26T11:18:23.551301,news_1766728101846,SHP_6747,INFO,0.0
2025-12-26T11:18:30.776978,news_1766728108835,SHP_6747,INFO,0.0
2025-12-26T11:18:53.792204,news_1766728131611,SHP_3102,CRITICAL: REROUTE,0.0
2025-12-26T11:19:01.863456,news_1766728139818,SHP_3102,CRITICAL: REROUTE,0.0
2025-12-26T11:19:17.971391,news_1766728155854,SHP_6747,WARNING: ALERT,0.0
2025-12-26T11:19:34.426022,news_1766728171547,SHP_7719,INFO,0.0
2025-12-26T11:19:34.426022,news_1766728171547,SHP_2531,INFO,0.0
2025-12-26T11:19:49.443606,news_1766728187534,SHP_3102,INFO,0.0
2025-12-26T11:20:04.669302,news_1766728202959,SHP_3102,INFO,0.0
2025-12-26T11:20:13.643153,news_1766728211354,SHP_3102,WARNING: ALERT,0.0
2025-12-26T11:20:21.577337,news_1766728219643,SHP_6747,INFO,0.0
2025-12-26T11:20:29.660395,news_1766728227650,SHP_3102,INFO,0.0
2025-12-26T11:20:38.592620,news_1766728236062,SHP_3102,INFO,0.0
2025-12-26T11:20:49.607145,news_1766728246344,SHP_7719,CRITICAL: REROUTE,0.0
2025-12-26T11:20:49.607145,news_1766728246344,SHP_2531,CRITICAL: REROUTE,0.0
2025-12-26T11:20:58.638329,news_1766728256829,SHP_3102,INFO,0.0
2025-12-26T11:21:25.420953,news_1766728282088,SHP_7719,WARNING: ALERT,0.0
2025-12-26T11:21:25.420953,news_1766728282088,SHP_2531,WARNING: ALERT,0.0
2025-12-26T11:21:34.203802,news_1766728290704,SHP_7719,CRITICAL: REROUTE,0.0
2025-12-26T11:21:34.203802,news_1766728290704,SHP_2531,CRITICAL: REROUTE,0.0
2025-12-26T11:21:42.142101,news_1766728299437,SHP_7719,INFO,0.0
2025-12-26T11:21:42.142101,news_1766728299437,SHP_2531,INFO,0.0
2025-12-26T11:21:49.525134,news_1766728307507,SHP_6747,WARNING: ALERT,0.0
2025-12-26T11:21:57.702583,news_1766728315582,SHP_6747,WARNING: ALERT,0.0
2025-12-26T11:22:13.208530,news_1766728329886,SHP_7719,CRITICAL: REROUTE,0.0
2025-12-26T11:22:13.208530,news_1766728329886,SHP_2531,CRITICAL: REROUTE,0.0
2025-12-26T11:22:21.367116,news_1766728339238,SHP_3102,WARNING: ALERT,0.0
2025-12-26T11:22:31.865684,news_1766728349038,SHP_7719,INFO,0.0
2025-12-26T11:22:31.865684,news_1766728349038,SHP_2531,INFO,0.0
2025-12-26T11:22:40.317920,news_1766728358180,SHP_3102,CRITICAL: REROUTE,0.0
2025-12-26T11:22:48.824101,news_1766728366856,SHP_3102,INFO,0.0
2025-12-26T11:23:06.412419,news_1766728384667,SHP_3102,INFO,0.0
2025-12-26T11:23:14.130566,news_1766728392311,SHP_6747,INFO,0.0
2025-12-26T11:23:27.454129,news_1766728405448,SHP_3102,WARNING: ALERT,0.0
2025-12-26T11:23:36.056793,news_1766728414007,SHP_3102,INFO,0.0
2025-12-26T11:23:44.340852,news_1766728422580,SHP_3102,INFO,0.0
2025-12-26T11:23:54.460195,news_1766728431099,SHP_7719,WARNING: ALERT,0.0
2025-12-26T11:23:54.460195,news_1766728431099,SHP_2531,WARNING: ALERT,0.0
2025-12-26T11:24:16.920567,news_1766728455004,SHP_3102,INFO,0.0
2025-12-26T11:24:31.382560,news_1766728468030,SHP_7719,CRITICAL: REROUTE,0.0
2025-12-26T11:24:31.382560,news_1766728468030,SHP_2531,CRITICAL: REROUTE,0.0
2025-12-26T11:24:41.176429,news_1766728479037,SHP_3102,WARNING: ALERT,0.0
2025-12-26T11:24:48.712339,news_1766728486602,SHP_3102,CRITICAL: REROUTE,0.0
2025-12-26T11:24:58.972112,news_1766728495587,SHP_7719,WARNING: ALERT,0.0
2025-12-26T11:24:58.972112,news_1766728495587,SHP_2531,WARNING: ALERT,0.0
2025-12-26T11:25:08.723957,news_1766728505691,SHP_7719,INFO,0.0
2025-12-26T11:25:08.723957,news_1766728505691,SHP_2531,INFO,0.0
2025-12-26T11:25:24.966127,news_1766728523084,SHP_3102,INFO,0.0
2025-12-26T11:25:32.854123,news_1766728530837,SHP_3102,WARNING: ALERT,0.0
2025-12-26T11:25:42.129236,news_1766728538862,SHP_7719,CRITICAL: REROUTE,0.0
2025-12-26T11:25:42.129236,news_1766728538862,SHP_2531,CRITICAL: REROUTE,0.0
2025-12-26T11:25:58.519745,news_1766728556301,SHP_6747,CRITICAL: REROUTE,0.0
2025-12-26T11:26:06.089167,news_1766728564305,SHP_3102,INFO,0.0
2025-12-26T11:26:14.351732,news_1766728572508,SHP_6747,INFO,0.0
2025-12-26T11:26:40.077258,news_1766728598295,SHP_3102,INFO,0.0
2025-12-26T11:26:55.305524,news_1766728613272,SHP_3102,CRITICAL: REROUTE,0.0
2025-12-26T11:27:04.420153,news_1766728622408,SHP_6747,WARNING: ALERT,0.0
2025-12-26T11:27:13.583436,news_1766728629999,SHP_7719,CRITICAL: REROUTE,0.0
2025-12-26T11:27:13.583436,news_1766728629999,SHP_2531,CRITICAL: REROUTE,0.0
2025-12-26T11:27:21.854295,news_1766728640095,SHP_6747,INFO,0.0
2025-12-26T11:27:31.623531,news_1766728649846,SHP_6747,INFO,0.0
2025-12-26T11:27:40.560811,news_1766728658766,SHP_3102,INFO,0.0
2025-12-26T11:27:50.199825,news_1766728668380,SHP_6747,INFO,0.0
2025-12-26T11:27:58.814702,news_1766728676631,SHP_6747,WARNING: ALERT,0.0
2025-12-26T11:28:17.138818,news_1766728694241,SHP_7719,INFO,0.0
2025-12-26T11:28:17.138818,news_1766728694241,SHP_2531,INFO,0.0
2025-12-26T11:28:25.305518,news_1766728703566,SHP_3102,INFO,0.0
2025-12-26T11:28:38.873032,news_1766728716614,SHP_6747,WARNING: ALERT,0.0
2025-12-26T11:28:47.418478,news_1766728724005,SHP_7719,CRITICAL: REROUTE,0.0
2025-12-26T11:28:47.418478,news_1766728724005,SHP_2531,CRITICAL: REROUTE,0.0
2025-12-26T11:29:04.143233,news_1766728742107,SHP_6747,WARNING: ALERT,0.0
2025-12-26T11:29:15.737959,news_1766728752085,SHP_7719,WARNING: ALERT,0.0
2025-12-26T11:29:15.737959,news_1766728752085,SHP_2531,WARNING: ALERT,0.0
2025-12-26T11:29:30.861405,news_1766728769055,SHP_6747,INFO,0.0
2025-12-26T11:29:40.783945,news_1766728777349,SHP_7719,WARNING: ALERT,0.0
2025-12-26T11:29:40.783945,news_1766728777349,SHP_2531,WARNING: ALERT,0.0
2025-12-26T11:30:03.785470,news_1766728801990,SHP_6747,INFO,0.0
2025-12-26T11:30:11.629978,news_1766728809377,SHP_6747,WARNING: ALERT,0.0
2025-12-26T11:30:19.640040,news_1766728816910,SHP_7719,INFO,0.0
2025-12-26T11:30:19.640040,news_1766728816910,SHP_2531,INFO,0.0
2025-12-26T11:30:34.600460,news_1766728831706,SHP_7719,INFO,0.0
2025-12-26T11:30:34.600460,news_1766728831706,SHP_2531,INFO,0.0
2025-12-26T11:30:44.476819,news_1766728842428,SHP_6747,CRITICAL: REROUTE,0.0
2025-12-26T11:30:51.641940,news_1766728849778,SHP_3102,INFO,0.0
2025-12-26T11:31:33.049251,news_1766728890210,SHP_7719,INFO,0.0
2025-12-26T11:31:33.049251,news_1766728890210,SHP_2531,INFO,0.0
2025-12-26T11:31:41.872095,news_1766728899783,SHP_6747,WARNING: ALERT,0.0
2025-12-26T11:31:57.295153,news_1766728915307,SHP_3102,INFO,0.0
2025-12-26T11:32:05.823607,news_1766728924046,SHP_6747,INFO,0.0
2025-12-26T11:32:15.273387,news_1766728932576,SHP_7719,INFO,0.0
2025-12-26T11:32:15.273387,news_1766728932576,SHP_2531,INFO,0.0
2025-12-26T11:32:25.442369,news_1766728942672,SHP_7719,INFO,0.0
2025-12-26T11:32:25.442369,news_1766728942672,SHP_2531,INFO,0.0
2025-12-26T11:32:49.557701,news_1766728966327,SHP_7719,WARNING: ALERT,0.0
2025-12-26T11:32:49.557701,news_1766728966327,SHP_2531,WARNING: ALERT,0.0
2025-12-26T11:32:58.552353,news_1766728975236,SHP_7719,WARNING: ALERT,0.0
2025-12-26T11:32:58.552353,news_1766728975236,SHP_2531,WARNING: ALERT,0.0
2025-12-26T11:33:38.008562,news_1766729016211,SHP_7102,INFO,0.0
2025-12-26T11:34:00.594228,news_1766729038815,SHP_7102,INFO,0.0
2025-12-26T11:34:08.552606,news_1766729046392,SHP_5193,CRITICAL: REROUTE,0.0
2025-12-26T11:34:19.206851,news_1766729055884,SHP_9551,CRITICAL: REROUTE,0.0
2025-12-26T11:34:19.206851,news_1766729055884,SHP_7774,CRITICAL: REROUTE,0.0
2025-12-26T11:34:28.645738,news_1766729066908,SHP_5193,INFO,0.0
2025-12-26T11:34:37.852180,news_1766729076046,SHP_7102,INFO,0.0
2025-12-26T11:34:53.553541,news_1766729090781,SHP_9551,INFO,0.0
2025-12-26T11:34:53.553541,news_1766729090781,SHP_7774,INFO,0.0
2025-12-26T11:35:01.715491,news_1766729099918,SHP_7102,INFO,0.0
2025-12-26T11:35:18.338982,news_1766729115608,SHP_9551,INFO,0.0
2025-12-26T11:35:18.338982,news_1766729115608,SHP_7774,INFO,0.0
2025-12-26T11:35:27.958135,news_1766729125791,SHP_5193,WARNING: ALERT,0.0
2025-12-26T11:35:43.861803,news_1766729140410,SHP_9551,WARNING: ALERT,0.0
2025-12-26T11:35:43.861803,news_1766729140410,SHP_7774,WARNING: ALERT,0.0
2025-12-26T11:35:52.802400,news_1766729150798,SHP_5193,WARNING: ALERT,0.0
2025-12-26T11:35:59.887692,news_1766729158078,SHP_5193,INFO,0.0
2025-12-26T11:36:15.871875,news_1766729174125,SHP_7102,INFO,0.0
2025-12-26T11:36:25.119116,news_1766729183346,SHP_5193,INFO,0.0
2025-12-26T11:36:32.388576,news_1766729190356,SHP_7102,WARNING: ALERT,0.0
2025-12-26T11:36:50.659695,news_1766729207702,SHP_9551,INFO,0.0
2025-12-26T11:36:50.659695,news_1766729207702,SHP_7774,INFO,0.0
2025-12-26T11:37:00.543171,news_1766729217713,SHP_9551,INFO,0.0
2025-12-26T11:37:00.543171,news_1766729217713,SHP_7774,INFO,0.0
2025-12-26T11:37:09.707008,news_1766729228001,SHP_7102,INFO,0.0
2025-12-26T11:37:17.444832,news_1766729235606,SHP_5193,INFO,0.0
2025-12-26T11:37:26.433303,news_1766729244415,SHP_5193,CRITICAL: REROUTE,0.0
2025-12-26T11:37:35.429977,news_1766729253669,SHP_7102,INFO,0.0
2025-12-26T11:37:44.714685,news_1766729262419,SHP_5193,WARNING: ALERT,0.0
2025-12-26T11:37:53.609426,news_1766729270687,SHP_9551,INFO,0.0
2025-12-26T11:37:53.609426,news_1766729270687,SHP_7774,INFO,0.0
2025-12-26T12:26:23.612436,gdelt_1766732180_1,SHP_9796,WARNING: ALERT,0.0
2025-12-26T12:26:23.612436,gdelt_1766732180_1,SHP_4138,INFO,0.0
2025-12-26T12:26:29.961285,gdelt_1766732186_2,SHP_2761,CRITICAL: REROUTE,0.0
2025-12-26T12:26:29.961285,gdelt_1766732186_2,SHP_4138,CRITICAL: REROUTE,0.0
2025-12-26T12:26:36.405301,gdelt_1766732192_3,SHP_9796,WARNING: ALERT,0.0
2025-12-26T12:26:36.405301,gdelt_1766732192_3,SHP_2761,CRITICAL: REROUTE,0.0
2025-12-26T12:26:42.694603,gdelt_1766732199_4,SHP_8978,CRITICAL: REROUTE,0.0
2025-12-26T12:26:42.694603,gdelt_1766732199_4,SHP_2761,CRITICAL: REROUTE,0.0
2025-12-26T12:26:49.098521,gdelt_1766732205_5,SHP_4138,WARNING: ALERT,0.0
2025-12-26T12:26:49.098521,gdelt_1766732205_5,SHP_8978,INFO,0.0
2025-12-26T12:27:55.569714,gdelt_1766732272_6,SHP_4138,INFO,0.0
2025-12-26T12:27:55.569714,gdelt_1766732272_6,SHP_6779,WARNING: ALERT,0.0
2025-12-26T12:28:02.157774,gdelt_1766732278_7,SHP_8978,CRITICAL: REROUTE,0.0
2025-12-26T12:28:02.157774,gdelt_1766732278_7,SHP_6779,WARNING: ALERT,0.0
2025-12-26T12:28:08.952613,gdelt_1766732285_8,SHP_4138,CRITICAL: REROUTE,0.0
2025-12-26T12:28:08.952613,gdelt_1766732285_8,SHP_9796,CRITICAL: REROUTE,0.0
2025-12-26T12:28:15.523669,gdelt_1766732291_9,SHP_2761,WARNING: ALERT,0.0
2025-12-26T12:28:15.523669,gdelt_1766732291_9,SHP_8978,WARNING: ALERT,0.0
2025-12-26T12:28:21.600432,gdelt_1766732298_10,SHP_9796,INFO,0.0
2025-12-26T12:28:21.600432,gdelt_1766732298_10,SHP_4138,WARNING: ALERT,0.0
2025-12-26T12:29:28.338934,gdelt_1766732365_11,SHP_9796,WARNING: ALERT,0.0
2025-12-26T12:29:28.338934,gdelt_1766732365_11,SHP_4138,WARNING: ALERT,0.0
2025-12-26T12:29:34.718390,gdelt_1766732371_12,SHP_4138,CRITICAL: REROUTE,0.0
2025-12-26T12:29:34.718390,gdelt_1766732371_12,SHP_2761,CRITICAL: REROUTE,0.0
2025-12-26T12:29:41.473964,gdelt_1766732377_13,SHP_9796,CRITICAL: REROUTE,0.0
2025-12-26T12:29:41.473964,gdelt_1766732377_13,SHP_4138,CRITICAL: REROUTE,0.0
2025-12-26T12:29:47.968671,gdelt_1766732384_14,SHP_6779,CRITICAL: REROUTE,0.0
2025-12-26T12:29:47.968671,gdelt_1766732384_14,SHP_4138,CRITICAL: REROUTE,0.0
2025-12-26T12:29:54.191518,gdelt_1766732390_15,SHP_6779,WARNING: ALERT,0.0
2025-12-26T12:29:54.191518,gdelt_1766732390_15,SHP_2761,INFO,0.0
2025-12-26T12:31:01.176300,gdelt_1766732457_16,SHP_4138,INFO,0.0
2025-12-26T12:31:01.176300,gdelt_1766732457_16,SHP_2761,WARNING: ALERT,0.0
2025-12-26T12:31:07.576230,gdelt_1766732464_17,SHP_9796,CRITICAL: REROUTE,0.0
2025-12-26T12:31:07.576230,gdelt_1766732464_17,SHP_8978,CRITICAL: REROUTE,0.0
2025-12-26T12:31:14.083930,gdelt_1766732470_18,SHP_9796,CRITICAL: REROUTE,0.0
2025-12-26T12:31:14.083930,gdelt_1766732470_18,SHP_8978,WARNING: ALERT,0.0
2025-12-26T12:31:20.487962,gdelt_1766732477_19,SHP_4138,CRITICAL: REROUTE,0.0
2025-12-26T12:31:20.487962,gdelt_1766732477_19,SHP_6779,WARNING: ALERT,0.0
2025-12-26T12:31:26.350132,gdelt_1766732483_20,SHP_8978,INFO,0.0
2025-12-26T12:31:26.350132,gdelt_1766732483_20,SHP_6779,INFO,0.0
2025-12-26T12:32:10.227684,gdelt_1766732526_1,SHP_3098,INFO,0.0
2025-12-26T12:32:10.227684,gdelt_1766732526_1,SHP_5354,INFO,0.0
2025-12-26T12:32:16.673113,gdelt_1766732533_2,SHP_3098,WARNING: ALERT,0.0
2025-12-26T12:32:16.673113,gdelt_1766732533_2,SHP_9659,WARNING: ALERT,0.0
2025-12-26T12:32:23.025137,gdelt_1766732539_3,SHP_9659,WARNING: ALERT,0.0
2025-12-26T12:32:23.025137,gdelt_1766732539_3,SHP_5354,WARNING: ALERT,0.0
2025-12-26T12:32:29.710251,gdelt_1766732546_4,SHP_3098,CRITICAL: REROUTE,0.0
2025-12-26T12:32:29.710251,gdelt_1766732546_4,SHP_9659,WARNING: ALERT,0.0
2025-12-26T12:32:36.247775,gdelt_1766732552_5,SHP_1823,WARNING: ALERT,0.0
2025-12-26T12:32:36.247775,gdelt_1766732552_5,SHP_3098,WARNING: ALERT,0.0
2025-12-26T12:33:43.054035,gdelt_1766732619_6,SHP_3792,INFO,0.0
2025-12-26T12:33:43.054035,gdelt_1766732619_6,SHP_1823,WARNING: ALERT,0.0
2025-12-26T12:33:49.597179,gdelt_1766732626_7,SHP_1823,WARNING: ALERT,0.0
2025-12-26T12:33:49.597179,gdelt_1766732626_7,SHP_9659,CRITICAL: REROUTE,0.0
2025-12-26T12:33:55.993128,gdelt_1766732632_8,SHP_1823,CRITICAL: REROUTE,0.0
2025-12-26T12:33:55.993128,gdelt_1766732632_8,SHP_5354,CRITICAL: REROUTE,0.0
2025-12-26T12:34:02.677327,gdelt_1766732638_9,SHP_1823,WARNING: ALERT,0.0
2025-12-26T12:34:02.677327,gdelt_1766732638_9,SHP_5354,WARNING: ALERT,0.0
2025-12-26T12:34:09.125136,gdelt_1766732645_10,SHP_9659,WARNING: ALERT,0.0
2025-12-26T12:34:09.125136,gdelt_1766732645_10,SHP_3098,WARNING: ALERT,0.0
2025-12-26T12:35:16.614016,gdelt_1766732713_11,SHP_3792,WARNING: ALERT,0.0
2025-12-26T12:35:16.614016,gdelt_1766732713_11,SHP_9659,CRITICAL: REROUTE,0.0
2025-12-26T12:35:23.136985,gdelt_1766732719_12,SHP_3098,CRITICAL: REROUTE,0.0
2025-12-26T12:35:23.136985,gdelt_1766732719_12,SHP_9659,WARNING: ALERT,0.0
2025-12-26T12:35:29.628726,gdelt_1766732726_13,SHP_1823,CRITICAL: REROUTE,0.0
2025-12-26T12:35:29.628726,gdelt_1766732726_13,SHP_5354,WARNING: ALERT,0.0
2025-12-26T12:35:36.324717,gdelt_1766732732_14,SHP_5354,CRITICAL: REROUTE,0.0
2025-12-26T12:35:36.324717,gdelt_1766732732_14,SHP_9659,WARNING: ALERT,0.0
2025-12-26T12:35:43.017418,gdelt_1766732739_15,SHP_9659,WARNING: ALERT,0.0
2025-12-26T12:35:43.017418,gdelt_1766732739_15,SHP_5354,CRITICAL: REROUTE,0.0
2025-12-26T12:36:51.279140,gdelt_1766732807_16,SHP_9659,CRITICAL: REROUTE,0.0
2025-12-26T12:36:51.279140,gdelt_1766732807_16,SHP_1823,WARNING: ALERT,0.0
2025-12-26T12:36:57.799744,gdelt_1766732814_17,SHP_3098,CRITICAL: REROUTE,0.0
2025-12-26T12:36:57.799744,gdelt_1766732814_17,SHP_9659,WARNING: ALERT,0.0
2025-12-26T12:37:04.167449,gdelt_1766732820_18,SHP_3098,WARNING: ALERT,0.0
2025-12-26T12:37:04.167449,gdelt_1766732820_18,SHP_3792,CRITICAL: REROUTE,0.0
2025-12-26T12:37:10.781214,gdelt_1766732827_19,SHP_3098,WARNING: ALERT,0.0
2025-12-26T12:37:10.781214,gdelt_1766732827_19,SHP_5354,WARNING: ALERT,0.0
2025-12-26T12:37:17.218032,gdelt_1766732833_20,SHP_9659,CRITICAL: REROUTE,0.0
2025-12-26T12:37:17.218032,gdelt_1766732833_20,SHP_3098,WARNING: ALERT,0.0
2025-12-26T12:38:24.734295,gdelt_1766732901_21,SHP_1823,CRITICAL: REROUTE,0.0
2025-12-26T12:38:24.734295,gdelt_1766732901_21,SHP_5354,WARNING: ALERT,0.0
2025-12-26T12:38:31.150604,gdelt_1766732907_22,SHP_5354,WARNING: ALERT,0.0
2025-12-26T12:38:31.150604,gdelt_1766732907_22,SHP_1823,WARNING: ALERT,0.0
2025-12-26T12:38:37.543740,gdelt_1766732914_23,SHP_1823,WARNING: ALERT,0.0
2025-12-26T12:38:37.543740,gdelt_1766732914_23,SHP_3098,CRITICAL: REROUTE,0.0
2025-12-26T12:38:44.223941,gdelt_1766732920_24,SHP_3098,WARNING: ALERT,0.0
2025-12-26T12:38:44.223941,gdelt_1766732920_24,SHP_1823,CRITICAL: REROUTE,0.0
2025-12-26T12:38:50.758699,gdelt_1766732927_25,SHP_5354,CRITICAL: REROUTE,0.0
2025-12-26T12:38:50.758699,gdelt_1766732927_25,SHP_1823,CRITICAL: REROUTE,0.0
2025-12-26T12:39:57.734957,gdelt_1766732994_26,SHP_3792,WARNING: ALERT,0.0
2025-12-26T12:39:57.734957,gdelt_1766732994_26,SHP_5354,WARNING: ALERT,0.0
2025-12-26T12:40:04.183591,gdelt_1766733000_27,SHP_9659,CRITICAL: REROUTE,0.0
2025-12-26T12:40:04.183591,gdelt_1766733000_27,SHP_5354,CRITICAL: REROUTE,0.0
2025-12-26T12:40:10.560573,gdelt_1766733007_28,SHP_5354,WARNING: ALERT,0.0
2025-12-26T12:40:10.560573,gdelt_1766733007_28,SHP_9659,CRITICAL: REROUTE,0.0
2025-12-26T12:40:17.202020,gdelt_1766733013_29,SHP_3098,CRITICAL: REROUTE,0.0
2025-12-26T12:40:17.202020,gdelt_1766733013_29,SHP_5354,CRITICAL: REROUTE,0.0
2025-12-26T12:40:23.649673,gdelt_1766733020_30,SHP_9659,CRITICAL: REROUTE,0.0
2025-12-26T12:40:23.649673,gdelt_1766733020_30,SHP_1823,CRITICAL: REROUTE,0.0
2025-12-26T12:41:30.665707,gdelt_1766733087_31,SHP_1823,CRITICAL: REROUTE,0.0
2025-12-26T12:41:30.665707,gdelt_1766733087_31,SHP_9659,CRITICAL: REROUTE,0.0
2025-12-26T12:41:37.044443,gdelt_1766733093_32,SHP_9659,WARNING: ALERT,0.0
2025-12-26T12:41:37.044443,gdelt_1766733093_32,SHP_5354,CRITICAL: REROUTE,0.0
2025-12-26T12:41:43.462180,gdelt_1766733100_33,SHP_1823,WARNING: ALERT,0.0
2025-12-26T12:41:43.462180,gdelt_1766733100_33,SHP_3792,CRITICAL: REROUTE,0.0
2025-12-26T12:41:50.168123,gdelt_1766733106_34,SHP_3792,CRITICAL: REROUTE,0.0
2025-12-26T12:41:50.168123,gdelt_1766733106_34,SHP_5354,CRITICAL: REROUTE,0.0
2025-12-26T12:41:56.575641,gdelt_1766733113_35,SHP_9659,WARNING: ALERT,0.0
2025-12-26T12:41:56.575641,gdelt_1766733113_35,SHP_1823,WARNING: ALERT,0.0
2025-12-26T12:43:03.869976,gdelt_1766733180_36,SHP_3792,WARNING: ALERT,0.0
2025-12-26T12:43:03.869976,gdelt_1766733180_36,SHP_9659,CRITICAL: REROUTE,0.0
2025-12-26T12:43:10.266986,gdelt_1766733186_37,SHP_9659,WARNING: ALERT,0.0
2025-12-26T12:43:10.266986,gdelt_1766733186_37,SHP_1823,WARNING: ALERT,0.0
2025-12-26T12:43:16.718564,gdelt_1766733193_38,SHP_3792,CRITICAL: REROUTE,0.0
2025-12-26T12:43:16.718564,gdelt_1766733193_38,SHP_9659,CRITICAL: REROUTE,0.0
2025-12-26T12:43:23.487829,gdelt_1766733199_39,SHP_3792,WARNING: ALERT,0.0
2025-12-26T12:43:23.487829,gdelt_1766733199_39,SHP_5354,WARNING: ALERT,0.0
2025-12-26T12:43:30.184552,gdelt_1766733206_40,SHP_5354,CRITICAL: REROUTE,0.0
2025-12-26T12:43:30.184552,gdelt_1766733206_40,SHP_1823,CRITICAL: REROUTE,0.0
2025-12-26T12:44:37.193236,gdelt_1766733273_41,SHP_1823,CRITICAL: REROUTE,0.0
2025-12-26T12:44:37.193236,gdelt_1766733273_41,SHP_5354,WARNING: ALERT,0.0
2025-12-26T12:44:43.747043,gdelt_1766733280_42,SHP_9659,CRITICAL: REROUTE,0.0
2025-12-26T12:44:43.747043,gdelt_1766733280_42,SHP_1823,CRITICAL: REROUTE,0.0
2025-12-26T12:44:50.121638,gdelt_1766733286_43,SHP_9659,WARNING: ALERT,0.0
2025-12-26T12:44:50.121638,gdelt_1766733286_43,SHP_5354,WARNING: ALERT,0.0
2025-12-26T12:44:56.634021,gdelt_1766733293_44,SHP_5354,CRITICAL: REROUTE,0.0
2025-12-26T12:44:56.634021,gdelt_1766733293_44,SHP_3098,CRITICAL: REROUTE,0.0
2025-12-26T12:45:03.365667,gdelt_1766733299_45,SHP_1823,CRITICAL: REROUTE,0.0
2025-12-26T12:45:03.365667,gdelt_1766733299_45,SHP_3098,WARNING: ALERT,0.0
2025-12-26T12:46:11.174538,gdelt_1766733367_46,SHP_3098,CRITICAL: REROUTE,0.0
2025-12-26T12:46:11.174538,gdelt_1766733367_46,SHP_9659,WARNING: ALERT,0.0
2025-12-26T12:46:17.813862,gdelt_1766733374_47,SHP_9659,CRITICAL: REROUTE,0.0
2025-12-26T12:46:17.813862,gdelt_1766733374_47,SHP_3098,CRITICAL: REROUTE,0.0
2025-12-26T12:46:24.334483,gdelt_1766733380_48,SHP_3792,WARNING: ALERT,0.0
2025-12-26T12:46:24.334483,gdelt_1766733380_48,SHP_9659,WARNING: ALERT,0.0
2025-12-26T12:46:30.817980,gdelt_1766733387_49,SHP_1823,WARNING: ALERT,0.0
2025-12-26T12:46:30.817980,gdelt_1766733387_49,SHP_9659,WARNING: ALERT,0.0
2025-12-26T12:46:37.141227,gdelt_1766733393_50,SHP_9659,WARNING: ALERT,0.0
2025-12-26T12:46:37.141227,gdelt_1766733393_50,SHP_5354,WARNING: ALERT,0.0
2025-12-26T12:47:44.581223,gdelt_1766733461_51,SHP_3098,CRITICAL: REROUTE,0.0
2025-12-26T12:47:44.581223,gdelt_1766733461_51,SHP_1823,CRITICAL: REROUTE,0.0
2025-12-26T12:47:50.975417,gdelt_1766733467_52,SHP_3792,CRITICAL: REROUTE,0.0
2025-12-26T12:47:50.975417,gdelt_1766733467_52,SHP_9659,CRITICAL: REROUTE,0.0
2025-12-26T12:47:57.545630,gdelt_1766733473_53,SHP_1823,WARNING: ALERT,0.0
2025-12-26T12:47:57.545630,gdelt_1766733473_53,SHP_3792,CRITICAL: REROUTE,0.0
2025-12-26T12:48:03.785503,gdelt_1766733480_54,SHP_3792,WARNING: ALERT,0.0
2025-12-26T12:48:03.785503,gdelt_1766733480_54,SHP_5354,CRITICAL: REROUTE,0.0
2025-12-26T12:48:10.195480,gdelt_1766733486_55,SHP_3792,WARNING: ALERT,0.0
2025-12-26T12:48:10.195480,gdelt_1766733486_55,SHP_9659,WARNING: ALERT,0.0
2025-12-26T12:49:17.281207,gdelt_1766733553_56,SHP_9659,CRITICAL: REROUTE,0.0
2025-12-26T12:49:17.281207,gdelt_1766733553_56,SHP_1823,WARNING: ALERT,0.0
2025-12-26T12:49:24.931521,gdelt_1766733560_57,SHP_3098,WARNING: ALERT,0.0
2025-12-26T12:49:24.931521,gdelt_1766733560_57,SHP_5354,CRITICAL: REROUTE,0.0
2025-12-26T12:49:31.612875,gdelt_1766733567_58,SHP_3792,CRITICAL: REROUTE,0.0
2025-12-26T12:49:31.612875,gdelt_1766733567_58,SHP_1823,CRITICAL: REROUTE,0.0
2025-12-26T12:49:38.385163,gdelt_1766733574_59,SHP_9659,WARNING: ALERT,0.0
2025-12-26T12:49:38.385163,gdelt_1766733574_59,SHP_1823,WARNING: ALERT,0.0
2025-12-26T12:49:44.897166,gdelt_1766733581_60,SHP_5354,CRITICAL: REROUTE,0.0
2025-12-26T12:49:44.897166,gdelt_1766733581_60,SHP_3098,WARNING: ALERT,0.0
2025-12-26T12:50:52.301952,gdelt_1766733648_61,SHP_5354,WARNING: ALERT,0.0
2025-12-26T12:50:52.301952,gdelt_1766733648_61,SHP_3792,WARNING: ALERT,0.0
2025-12-26T12:50:59.007085,gdelt_1766733655_62,SHP_1823,CRITICAL: REROUTE,0.0
2025-12-26T12:50:59.007085,gdelt_1766733655_62,SHP_5354,WARNING: ALERT,0.0
2025-12-26T12:51:05.609554,gdelt_1766733662_63,SHP_1823,WARNING: ALERT,0.0
2025-12-26T12:51:05.609554,gdelt_1766733662_63,SHP_5354,WARNING: ALERT,0.0
2025-12-26T12:51:12.248732,gdelt_1766733668_64,SHP_9659,WARNING: ALERT,0.0
2025-12-26T12:51:12.248732,gdelt_1766733668_64,SHP_3792,CRITICAL: REROUTE,0.0
2025-12-26T12:51:18.942062,gdelt_1766733675_65,SHP_3098,WARNING: ALERT,0.0
2025-12-26T12:51:18.942062,gdelt_1766733675_65,SHP_3792,WARNING: ALERT,0.0
2025-12-26T12:52:26.528614,gdelt_1766733743_66,SHP_9659,WARNING: ALERT,0.0
2025-12-26T12:52:26.528614,gdelt_1766733743_66,SHP_5354,WARNING: ALERT,0.0
2025-12-26T12:52:33.016168,gdelt_1766733749_67,SHP_1823,WARNING: ALERT,0.0
2025-12-26T12:52:33.016168,gdelt_1766733749_67,SHP_9659,CRITICAL: REROUTE,0.0
2025-12-26T12:52:39.418461,gdelt_1766733756_68,SHP_3098,WARNING: ALERT,0.0
2025-12-26T12:52:39.418461,gdelt_1766733756_68,SHP_3792,WARNING: ALERT,0.0
2025-12-26T12:52:45.796556,gdelt_1766733762_69,SHP_3792,WARNING: ALERT,0.0
2025-12-26T12:52:45.796556,gdelt_1766733762_69,SHP_1823,WARNING: ALERT,0.0
2025-12-26T12:52:53.417937,gdelt_1766733768_70,SHP_9659,WARNING: ALERT,0.0
2025-12-26T12:52:53.417937,gdelt_1766733768_70,SHP_3098,WARNING: ALERT,0.0
2025-12-26T12:54:01.029898,gdelt_1766733837_71,SHP_3792,CRITICAL: REROUTE,0.0
2025-12-26T12:54:01.029898,gdelt_1766733837_71,SHP_9659,WARNING: ALERT,0.0
2025-12-26T12:54:07.660604,gdelt_1766733844_72,SHP_5354,CRITICAL: REROUTE,0.0
2025-12-26T12:54:07.660604,gdelt_1766733844_72,SHP_9659,CRITICAL: REROUTE,0.0
2025-12-26T12:54:14.161044,gdelt_1766733850_73,SHP_3098,CRITICAL: REROUTE,0.0
2025-12-26T12:54:14.161044,gdelt_1766733850_73,SHP_9659,CRITICAL: REROUTE,0.0
2025-12-26T12:54:20.791356,gdelt_1766733857_74,SHP_3792,CRITICAL: REROUTE,0.0
2025-12-26T12:54:20.791356,gdelt_1766733857_74,SHP_1823,WARNING: ALERT,0.0
2025-12-26T12:54:27.110638,gdelt_1766733863_75,SHP_9659,WARNING: ALERT,0.0
2025-12-26T12:54:27.110638,gdelt_1766733863_75,SHP_3792,WARNING: ALERT,0.0
2025-12-26T12:55:34.367226,gdelt_1766733930_76,SHP_5354,WARNING: ALERT,0.0
2025-12-26T12:55:34.367226,gdelt_1766733930_76,SHP_3792,WARNING: ALERT,0.0
2025-12-26T12:55:40.951044,gdelt_1766733937_77,SHP_9659,WARNING: ALERT,0.0
2025-12-26T12:55:40.951044,gdelt_1766733937_77,SHP_5354,WARNING: ALERT,0.0
2025-12-26T12:55:47.517731,gdelt_1766733943_78,SHP_3098,WARNING: ALERT,0.0
2025-12-26T12:55:47.517731,gdelt_1766733943_78,SHP_5354,WARNING: ALERT,0.0
2025-12-26T12:55:54.100792,gdelt_1766733950_79,SHP_9659,WARNING: ALERT,0.0
2025-12-26T12:55:54.100792,gdelt_1766733950_79,SHP_3098,CRITICAL: REROUTE,0.0
2025-12-26T12:56:00.851751,gdelt_1766733957_80,SHP_5354,WARNING: ALERT,0.0
2025-12-26T12:56:00.851751,gdelt_1766733957_80,SHP_3098,WARNING: ALERT,0.0
2025-12-26T12:57:08.439118,gdelt_1766734024_81,SHP_1823,CRITICAL: REROUTE,0.0
2025-12-26T12:57:08.439118,gdelt_1766734024_81,SHP_9659,WARNING: ALERT,0.0
2025-12-26T12:57:15.207382,gdelt_1766734031_82,SHP_3792,CRITICAL: REROUTE,0.0
2025-12-26T12:57:15.207382,gdelt_1766734031_82,SHP_1823,WARNING: ALERT,0.0
2025-12-26T12:57:21.725685,gdelt_1766734038_83,SHP_9659,CRITICAL: REROUTE,0.0
2025-12-26T12:57:21.725685,gdelt_1766734038_83,SHP_1823,WARNING: ALERT,0.0
2025-12-26T12:57:28.173593,gdelt_1766734044_84,SHP_3098,CRITICAL: REROUTE,0.0
2025-12-26T12:57:28.173593,gdelt_1766734044_84,SHP_9659,CRITICAL: REROUTE,0.0
2025-12-26T12:57:34.518436,gdelt_1766734051_85,SHP_9659,WARNING: ALERT,0.0
2025-12-26T12:57:34.518436,gdelt_1766734051_85,SHP_3098,WARNING: ALERT,0.0
2025-12-26T12:58:41.655647,gdelt_1766734118_86,SHP_3792,WARNING: ALERT,0.0
2025-12-26T12:58:41.655647,gdelt_1766734118_86,SHP_5354,WARNING: ALERT,0.0
2025-12-26T12:58:48.125035,gdelt_1766734124_87,SHP_3792,WARNING: ALERT,0.0
2025-12-26T12:58:48.125035,gdelt_1766734124_87,SHP_9659,WARNING: ALERT,0.0
2025-12-26T12:58:54.517320,gdelt_1766734131_88,SHP_1823,CRITICAL: REROUTE,0.0
2025-12-26T12:58:54.517320,gdelt_1766734131_88,SHP_5354,CRITICAL: REROUTE,0.0
2025-12-26T12:59:01.136734,gdelt_1766734137_89,SHP_3098,CRITICAL: REROUTE,0.0
2025-12-26T12:59:01.136734,gdelt_1766734137_89,SHP_1823,CRITICAL: REROUTE,0.0
2025-12-26T12:59:07.590729,gdelt_1766734144_90,SHP_1823,WARNING: ALERT,0.0
2025-12-26T12:59:07.590729,gdelt_1766734144_90,SHP_3792,WARNING: ALERT,0.0
2025-12-26T13:00:47.886582,gdelt_1766734243_1,SHP_7153,CRITICAL: REROUTE,0.0
2025-12-26T13:00:47.886582,gdelt_1766734243_1,SHP_9215,CRITICAL: REROUTE,0.0
2025-12-26T13:00:54.378596,gdelt_1766734250_2,SHP_8144,WARNING: ALERT,0.0
2025-12-26T13:00:54.378596,gdelt_1766734250_2,SHP_7153,CRITICAL: REROUTE,0.0
2025-12-26T13:01:00.911896,gdelt_1766734257_3,SHP_7153,CRITICAL: REROUTE,0.0
2025-12-26T13:01:00.911896,gdelt_1766734257_3,SHP_5821,CRITICAL: REROUTE,0.0
2025-12-26T13:01:07.483897,gdelt_1766734263_4,SHP_5821,CRITICAL: REROUTE,0.0
2025-12-26T13:01:07.483897,gdelt_1766734263_4,SHP_9215,WARNING: ALERT,0.0
2025-12-26T13:01:13.996991,gdelt_1766734270_5,SHP_7153,WARNING: ALERT,0.0
2025-12-26T13:01:13.996991,gdelt_1766734270_5,SHP_8144,WARNING: ALERT,0.0
2025-12-26T13:02:21.368754,gdelt_1766734337_6,SHP_8144,CRITICAL: REROUTE,0.0
2025-12-26T13:02:21.368754,gdelt_1766734337_6,SHP_9215,WARNING: ALERT,0.0
2025-12-26T13:02:27.691227,gdelt_1766734344_7,SHP_5821,WARNING: ALERT,0.0
2025-12-26T13:02:27.691227,gdelt_1766734344_7,SHP_8144,CRITICAL: REROUTE,0.0
2025-12-26T13:02:34.315949,gdelt_1766734350_8,SHP_8144,WARNING: ALERT,0.0
2025-12-26T13:02:34.315949,gdelt_1766734350_8,SHP_9215,WARNING: ALERT,0.0
2025-12-26T13:02:40.875291,gdelt_1766734357_9,SHP_9478,CRITICAL: REROUTE,0.0
2025-12-26T13:02:40.875291,gdelt_1766734357_9,SHP_8144,WARNING: ALERT,0.0
2025-12-26T13:02:47.366227,gdelt_1766734363_10,SHP_5821,CRITICAL: REROUTE,0.0
2025-12-26T13:02:47.366227,gdelt_1766734363_10,SHP_8144,CRITICAL: REROUTE,0.0
2025-12-26T13:03:54.358387,gdelt_1766734431_11,SHP_9215,WARNING: ALERT,0.0
2025-12-26T13:03:54.358387,gdelt_1766734431_11,SHP_9478,WARNING: ALERT,0.0
2025-12-26T13:04:00.747253,gdelt_1766734437_12,SHP_9215,CRITICAL: REROUTE,0.0
2025-12-26T13:04:00.747253,gdelt_1766734437_12,SHP_9478,CRITICAL: REROUTE,0.0
2025-12-26T13:04:07.384683,gdelt_1766734443_13,SHP_9478,CRITICAL: REROUTE,0.0
2025-12-26T13:04:07.384683,gdelt_1766734443_13,SHP_7153,WARNING: ALERT,0.0
2025-12-26T13:04:13.741492,gdelt_1766734450_14,SHP_8144,CRITICAL: REROUTE,0.0
2025-12-26T13:04:13.741492,gdelt_1766734450_14,SHP_5821,CRITICAL: REROUTE,0.0
2025-12-26T13:04:20.245402,gdelt_1766734456_15,SHP_9478,CRITICAL: REROUTE,0.0
2025-12-26T13:04:20.245402,gdelt_1766734456_15,SHP_9215,CRITICAL: REROUTE,0.0
2025-12-26T13:05:27.609707,gdelt_1766734524_16,SHP_7153,WARNING: ALERT,0.0
2025-12-26T13:05:27.609707,gdelt_1766734524_16,SHP_9478,WARNING: ALERT,0.0
2025-12-26T13:05:34.034986,gdelt_1766734530_17,SHP_8144,WARNING: ALERT,0.0
2025-12-26T13:05:34.034986,gdelt_1766734530_17,SHP_7153,CRITICAL: REROUTE,0.0
2025-12-26T13:05:40.591183,gdelt_1766734537_18,SHP_5821,WARNING: ALERT,0.0
2025-12-26T13:05:40.591183,gdelt_1766734537_18,SHP_7153,WARNING: ALERT,0.0
2025-12-26T13:05:46.386792,gdelt_1766734543_19,SHP_8144,INFO,0.0
2025-12-26T13:05:46.386792,gdelt_1766734543_19,SHP_9215,INFO,0.0
2025-12-26T13:05:52.372374,gdelt_1766734549_20,SHP_9215,WARNING: ALERT,0.0
2025-12-26T13:05:52.372374,gdelt_1766734549_20,SHP_9478,INFO,0.0
2025-12-26T13:06:59.246362,gdelt_1766734616_21,SHP_8144,WARNING: ALERT,0.0
2025-12-26T13:06:59.246362,gdelt_1766734616_21,SHP_9215,INFO,0.0
2025-12-26T13:07:05.977296,gdelt_1766734622_22,SHP_9215,CRITICAL: REROUTE,0.0
2025-12-26T13:07:05.977296,gdelt_1766734622_22,SHP_7153,WARNING: ALERT,0.0
2025-12-26T13:07:12.445753,gdelt_1766734628_23,SHP_8144,CRITICAL: REROUTE,0.0
2025-12-26T13:07:12.445753,gdelt_1766734628_23,SHP_9478,CRITICAL: REROUTE,0.0
2025-12-26T13:07:18.745532,gdelt_1766734635_24,SHP_9215,INFO,0.0
2025-12-26T13:07:18.745532,gdelt_1766734635_24,SHP_7153,INFO,0.0
2025-12-26T13:07:24.793718,gdelt_1766734641_25,SHP_7153,INFO,0.0
2025-12-26T13:07:24.793718,gdelt_1766734641_25,SHP_5821,WARNING: ALERT,0.0
2025-12-26T13:08:31.433600,gdelt_1766734708_26,SHP_5821,INFO,0.0
2025-12-26T13:08:31.433600,gdelt_1766734708_26,SHP_9478,INFO,0.0
2025-12-26T13:08:38.020244,gdelt_1766734714_27,SHP_7153,WARNING: ALERT,0.0
2025-12-26T13:08:38.020244,gdelt_1766734714_27,SHP_8144,WARNING: ALERT,0.0
2025-12-26T13:08:44.924354,gdelt_1766734721_28,SHP_8144,WARNING: ALERT,0.0
2025-12-26T13:08:44.924354,gdelt_1766734721_28,SHP_5821,CRITICAL: REROUTE,0.0
2025-12-26T13:08:50.768727,gdelt_1766734727_29,SHP_7153,INFO,0.0
2025-12-26T13:08:50.768727,gdelt_1766734727_29,SHP_9215,INFO,0.0
2025-12-26T13:08:57.269959,gdelt_1766734733_30,SHP_9215,WARNING: ALERT,0.0
2025-12-26T13:08:57.269959,gdelt_1766734733_30,SHP_8144,WARNING: ALERT,0.0
2025-12-26T13:10:04.805672,gdelt_1766734801_31,SHP_5821,INFO,0.0
2025-12-26T13:10:04.805672,gdelt_1766734801_31,SHP_8144,WARNING: ALERT,0.0
2025-12-26T13:10:11.190682,gdelt_1766734807_32,SHP_5821,CRITICAL: REROUTE,0.0
2025-12-26T13:10:11.190682,gdelt_1766734807_32,SHP_9478,CRITICAL: REROUTE,0.0
2025-12-26T13:10:17.650241,gdelt_1766734814_33,SHP_8144,CRITICAL: REROUTE,0.0
2025-12-26T13:10:17.650241,gdelt_1766734814_33,SHP_5821,CRITICAL: REROUTE,0.0
2025-12-26T13:10:23.765177,gdelt_1766734820_34,SHP_9215,WARNING: ALERT,0.0
2025-12-26T13:10:23.765177,gdelt_1766734820_34,SHP_9478,INFO,0.0
2025-12-26T13:10:29.837626,gdelt_1766734826_35,SHP_7153,INFO,0.0
2025-12-26T13:10:29.837626,gdelt_1766734826_35,SHP_8144,INFO,0.0
2025-12-26T13:11:37.218675,gdelt_1766734893_36,SHP_5821,WARNING: ALERT,0.0
2025-12-26T13:11:37.218675,gdelt_1766734893_36,SHP_8144,INFO,0.0
2025-12-26T13:11:43.537320,gdelt_1766734900_37,SHP_7153,CRITICAL: REROUTE,0.0
2025-12-26T13:11:43.537320,gdelt_1766734900_37,SHP_8144,CRITICAL: REROUTE,0.0
2025-12-26T13:11:49.927707,gdelt_1766734906_38,SHP_7153,WARNING: ALERT,0.0
2025-12-26T13:11:49.927707,gdelt_1766734906_38,SHP_9215,CRITICAL: REROUTE,0.0
2025-12-26T13:11:56.035135,gdelt_1766734912_39,SHP_7153,INFO,0.0
2025-12-26T13:11:56.035135,gdelt_1766734912_39,SHP_8144,WARNING: ALERT,0.0
2025-12-26T13:12:02.319512,gdelt_1766734919_40,SHP_5821,INFO,0.0
2025-12-26T13:12:02.319512,gdelt_1766734919_40,SHP_9478,WARNING: ALERT,0.0
2025-12-26T13:13:10.273854,gdelt_1766734987_41,SHP_9478,INFO,0.0
2025-12-26T13:13:10.273854,gdelt_1766734987_41,SHP_5821,INFO,0.0
2025-12-26T13:13:16.736242,gdelt_1766734993_42,SHP_5821,CRITICAL: REROUTE,0.0
2025-12-26T13:13:16.736242,gdelt_1766734993_42,SHP_8144,WARNING: ALERT,0.0
2025-12-26T13:13:23.296697,gdelt_1766734999_43,SHP_7153,CRITICAL: REROUTE,0.0
2025-12-26T13:13:23.296697,gdelt_1766734999_43,SHP_8144,WARNING: ALERT,0.0
2025-12-26T13:13:30.020066,gdelt_1766735006_44,SHP_7153,WARNING: ALERT,0.0
2025-12-26T13:13:30.020066,gdelt_1766735006_44,SHP_8144,INFO,0.0
2025-12-26T13:13:36.509641,gdelt_1766735013_45,SHP_9215,WARNING: ALERT,0.0
2025-12-26T13:13:36.509641,gdelt_1766735013_45,SHP_9478,WARNING: ALERT,0.0
2025-12-26T13:14:43.534094,gdelt_1766735080_46,SHP_9215,INFO,0.0
2025-12-26T13:14:43.534094,gdelt_1766735080_46,SHP_8144,WARNING: ALERT,0.0
2025-12-26T13:14:50.345141,gdelt_1766735086_47,SHP_5821,CRITICAL: REROUTE,0.0
2025-12-26T13:14:50.345141,gdelt_1766735086_47,SHP_9478,CRITICAL: REROUTE,0.0
2025-12-26T13:14:56.817243,gdelt_1766735093_48,SHP_5821,CRITICAL: REROUTE,0.0
2025-12-26T13:14:56.817243,gdelt_1766735093_48,SHP_8144,WARNING: ALERT,0.0
2025-12-26T13:15:03.184615,gdelt_1766735099_49,SHP_5821,INFO,0.0
2025-12-26T13:15:03.184615,gdelt_1766735099_49,SHP_9215,WARNING: ALERT,0.0
2025-12-26T13:15:09.085351,gdelt_1766735106_50,SHP_8144,INFO,0.0
2025-12-26T13:15:09.085351,gdelt_1766735106_50,SHP_9478,INFO,0.0
2025-12-26T13:16:15.641741,gdelt_1766735172_51,SHP_9478,INFO,0.0
2025-12-26T13:16:15.641741,gdelt_1766735172_51,SHP_5821,INFO,0.0
2025-12-26T13:16:22.015733,gdelt_1766735178_52,SHP_5821,WARNING: ALERT,0.0
2025-12-26T13:16:22.015733,gdelt_1766735178_52,SHP_9215,CRITICAL: REROUTE,0.0
2025-12-26T13:16:28.506041,gdelt_1766735185_53,SHP_8144,WARNING: ALERT,0.0
2025-12-26T13:16:28.506041,gdelt_1766735185_53,SHP_9478,WARNING: ALERT,0.0
2025-12-26T13:16:34.725493,gdelt_1766735191_54,SHP_9215,INFO,0.0
2025-12-26T13:16:34.725493,gdelt_1766735191_54,SHP_9478,WARNING: ALERT,0.0
2025-12-26T13:16:41.150442,gdelt_1766735197_55,SHP_9478,WARNING: ALERT,0.0
2025-12-26T13:16:41.150442,gdelt_1766735197_55,SHP_5821,WARNING: ALERT,0.0
2025-12-26T13:17:48.051724,gdelt_1766735264_56,SHP_7153,WARNING: ALERT,0.0
2025-12-26T13:17:48.051724,gdelt_1766735264_56,SHP_9215,INFO,0.0
2025-12-26T13:17:54.568027,gdelt_1766735271_57,SHP_8144,CRITICAL: REROUTE,0.0
2025-12-26T13:17:54.568027,gdelt_1766735271_57,SHP_7153,CRITICAL: REROUTE,0.0
2025-12-26T13:18:01.108167,gdelt_1766735277_58,SHP_9215,CRITICAL: REROUTE,0.0
2025-12-26T13:18:01.108167,gdelt_1766735277_58,SHP_5821,CRITICAL: REROUTE,0.0
2025-12-26T13:18:07.493727,gdelt_1766735284_59,SHP_5821,INFO,0.0
2025-12-26T13:18:07.493727,gdelt_1766735284_59,SHP_7153,WARNING: ALERT,0.0
2025-12-26T13:18:14.281116,gdelt_1766735290_60,SHP_7153,WARNING: ALERT,0.0
2025-12-26T13:18:14.281116,gdelt_1766735290_60,SHP_8144,WARNING: ALERT,0.0
2025-12-26T13:19:21.199294,gdelt_1766735357_61,SHP_9215,WARNING: ALERT,0.0
2025-12-26T13:19:21.199294,gdelt_1766735357_61,SHP_8144,INFO,0.0
2025-12-26T13:19:28.086882,gdelt_1766735364_62,SHP_8144,WARNING: ALERT,0.0
2025-12-26T13:19:28.086882,gdelt_1766735364_62,SHP_9215,WARNING: ALERT,0.0
2025-12-26T13:19:34.566712,gdelt_1766735371_63,SHP_8144,WARNING: ALERT,0.0
2025-12-26T13:19:34.566712,gdelt_1766735371_63,SHP_7153,CRITICAL: REROUTE,0.0
2025-12-26T13:19:40.718717,gdelt_1766735377_64,SHP_7153,WARNING: ALERT,0.0
2025-12-26T13:19:40.718717,gdelt_1766735377_64,SHP_9215,INFO,0.0
2025-12-26T13:19:46.917162,gdelt_1766735383_65,SHP_5821,INFO,0.0
2025-12-26T13:19:46.917162,gdelt_1766735383_65,SHP_7153,WARNING: ALERT,0.0
2025-12-26T13:20:55.010541,gdelt_1766735451_66,SHP_9215,WARNING: ALERT,0.0
2025-12-26T13:20:55.010541,gdelt_1766735451_66,SHP_9478,WARNING: ALERT,0.0
2025-12-26T13:21:01.468969,gdelt_1766735458_67,SHP_8144,WARNING: ALERT,0.0
2025-12-26T13:21:01.468969,gdelt_1766735458_67,SHP_7153,WARNING: ALERT,0.0
2025-12-26T13:21:07.475769,gdelt_1766735464_68,SHP_9215,INFO,0.0
2025-12-26T13:21:07.475769,gdelt_1766735464_68,SHP_7153,INFO,0.0
2025-12-26T13:21:13.811399,gdelt_1766735470_69,SHP_9478,WARNING: ALERT,0.0
2025-12-26T13:21:13.811399,gdelt_1766735470_69,SHP_8144,WARNING: ALERT,0.0
2025-12-26T13:21:20.281575,gdelt_1766735476_70,SHP_5821,INFO,0.0
2025-12-26T13:21:20.281575,gdelt_1766735476_70,SHP_9215,WARNING: ALERT,0.0
2025-12-26T13:22:27.807879,gdelt_1766735544_71,SHP_7153,WARNING: ALERT,0.0
2025-12-26T13:22:27.807879,gdelt_1766735544_71,SHP_9215,WARNING: ALERT,0.0
2025-12-26T13:22:34.083703,gdelt_1766735550_72,SHP_5821,INFO,0.0
2025-12-26T13:22:34.083703,gdelt_1766735550_72,SHP_7153,WARNING: ALERT,0.0
2025-12-26T13:22:40.591425,gdelt_1766735557_73,SHP_7153,WARNING: ALERT,0.0
2025-12-26T13:22:40.591425,gdelt_1766735557_73,SHP_5821,WARNING: ALERT,0.0
2025-12-26T13:22:47.731923,gdelt_1766735563_74,SHP_5821,WARNING: ALERT,0.0
2025-12-26T13:22:47.731923,gdelt_1766735563_74,SHP_9478,INFO,0.0
2025-12-26T13:22:53.761753,gdelt_1766735570_75,SHP_9478,INFO,0.0
2025-12-26T13:22:53.761753,gdelt_1766735570_75,SHP_9215,INFO,0.0
2025-12-26T13:24:00.919608,gdelt_1766735637_76,SHP_7153,WARNING: ALERT,0.0
2025-12-26T13:24:00.919608,gdelt_1766735637_76,SHP_8144,CRITICAL: REROUTE,0.0
2025-12-26T13:24:07.468042,gdelt_1766735643_77,SHP_5821,WARNING: ALERT,0.0
2025-12-26T13:24:07.468042,gdelt_1766735643_77,SHP_9478,WARNING: ALERT,0.0
2025-12-26T13:24:13.649442,gdelt_1766735650_78,SHP_8144,INFO,0.0
2025-12-26T13:24:13.649442,gdelt_1766735650_78,SHP_5821,INFO,0.0
2025-12-26T13:24:19.798031,gdelt_1766735656_79,SHP_8144,WARNING: ALERT,0.0
2025-12-26T13:24:19.798031,gdelt_1766735656_79,SHP_9215,INFO,0.0
2025-12-26T13:24:26.057537,gdelt_1766735662_80,SHP_7153,INFO,0.0
2025-12-26T13:24:26.057537,gdelt_1766735662_80,SHP_9215,WARNING: ALERT,0.0
2025-12-26T13:25:33.280100,gdelt_1766735729_81,SHP_7153,WARNING: ALERT,0.0
2025-12-26T13:25:33.280100,gdelt_1766735729_81,SHP_9215,CRITICAL: REROUTE,0.0
2025-12-26T13:25:39.956194,gdelt_1766735736_82,SHP_8144,WARNING: ALERT,0.0
2025-12-26T13:25:39.956194,gdelt_1766735736_82,SHP_5821,WARNING: ALERT,0.0
2025-12-26T13:25:46.360416,gdelt_1766735742_83,SHP_7153,WARNING: ALERT,0.0
2025-12-26T13:25:46.360416,gdelt_1766735742_83,SHP_5821,WARNING: ALERT,0.0
2025-12-26T13:25:52.164058,gdelt_1766735749_84,SHP_5821,INFO,0.0
2025-12-26T13:25:52.164058,gdelt_1766735749_84,SHP_8144,INFO,0.0
2025-12-26T13:25:58.248394,gdelt_1766735755_85,SHP_5821,INFO,0.0
2025-12-26T13:25:58.248394,gdelt_1766735755_85,SHP_8144,WARNING: ALERT,0.0
2025-12-26T13:27:05.346432,gdelt_1766735821_86,SHP_8144,WARNING: ALERT,0.0
2025-12-26T13:27:05.346432,gdelt_1766735821_86,SHP_5821,WARNING: ALERT,0.0
2025-12-26T13:27:11.617602,gdelt_1766735828_87,SHP_7153,INFO,0.0
2025-12-26T13:27:11.617602,gdelt_1766735828_87,SHP_5821,WARNING: ALERT,0.0
2025-12-26T13:27:17.760457,gdelt_1766735834_88,SHP_9215,INFO,0.0
2025-12-26T13:27:17.760457,gdelt_1766735834_88,SHP_8144,WARNING: ALERT,0.0
2025-12-26T13:27:23.814160,gdelt_1766735840_89,SHP_7153,INFO,0.0
2025-12-26T13:27:23.814160,gdelt_1766735840_89,SHP_8144,INFO,0.0
2025-12-26T13:27:30.250246,gdelt_1766735846_90,SHP_7153,WARNING: ALERT,0.0
2025-12-26T13:27:30.250246,gdelt_1766735846_90,SHP_9215,WARNING: ALERT,0.0
2025-12-26T13:28:37.467361,gdelt_1766735913_91,SHP_9478,CRITICAL: REROUTE,0.0
2025-12-26T13:28:37.467361,gdelt_1766735913_91,SHP_9215,WARNING: ALERT,0.0
2025-12-26T13:28:43.948894,gdelt_1766735920_92,SHP_9215,WARNING: ALERT,0.0
2025-12-26T13:28:43.948894,gdelt_1766735920_92,SHP_5821,WARNING: ALERT,0.0
2025-12-26T13:28:50.047260,gdelt_1766735926_93,SHP_9478,WARNING: ALERT,0.0
2025-12-26T13:28:50.047260,gdelt_1766735926_93,SHP_9215,INFO,0.0
2025-12-26T13:28:56.149964,gdelt_1766735933_94,SHP_7153,INFO,0.0
2025-12-26T13:28:56.149964,gdelt_1766735933_94,SHP_9478,INFO,0.0
2025-12-26T13:29:02.533332,gdelt_1766735939_95,SHP_9215,WARNING: ALERT,0.0
2025-12-26T13:29:02.533332,gdelt_1766735939_95,SHP_5821,WARNING: ALERT,0.0
2025-12-26T13:30:09.925278,gdelt_1766736006_96,SHP_8144,CRITICAL: REROUTE,0.0
2025-12-26T13:30:09.925278,gdelt_1766736006_96,SHP_9215,WARNING: ALERT,0.0
2025-12-26T13:30:16.081817,gdelt_1766736012_97,SHP_5821,WARNING: ALERT,0.0
2025-12-26T13:30:16.081817,gdelt_1766736012_97,SHP_9215,INFO,0.0
2025-12-26T13:30:23.186421,gdelt_1766736019_98,SHP_9215,WARNING: ALERT,0.0
2025-12-26T13:30:23.186421,gdelt_1766736019_98,SHP_9478,INFO,0.0
2025-12-26T13:30:29.380165,gdelt_1766736026_99,SHP_7153,WARNING: ALERT,0.0
2025-12-26T13:30:29.380165,gdelt_1766736026_99,SHP_9215,INFO,0.0
2025-12-26T13:30:35.471055,gdelt_1766736032_100,SHP_9478,INFO,0.0
2025-12-26T13:30:35.471055,gdelt_1766736032_100,SHP_5821,INFO,0.0
2025-12-26T13:31:42.600178,gdelt_1766736099_101,SHP_8144,WARNING: ALERT,0.0
2025-12-26T13:31:42.600178,gdelt_1766736099_101,SHP_7153,WARNING: ALERT,0.0
2025-12-26T13:31:48.632058,gdelt_1766736105_102,SHP_5821,INFO,0.0
2025-12-26T13:31:48.632058,gdelt_1766736105_102,SHP_7153,INFO,0.0
2025-12-26T13:31:57.251896,gdelt_1766736111_103,SHP_8144,INFO,0.0
2025-12-26T13:31:57.251896,gdelt_1766736111_103,SHP_9215,INFO,0.0
2025-12-26T13:32:03.693634,gdelt_1766736120_104,SHP_5821,WARNING: ALERT,0.0
2025-12-26T13:32:03.693634,gdelt_1766736120_104,SHP_8144,WARNING: ALERT,0.0
2025-12-26T13:32:09.549119,gdelt_1766736126_105,SHP_5821,INFO,0.0
2025-12-26T13:32:09.549119,gdelt_1766736126_105,SHP_9215,INFO,0.0
2025-12-26T13:33:21.989505,gdelt_1766736193_106,SHP_5821,CRITICAL: REROUTE,0.0
2025-12-26T13:33:21.989505,gdelt_1766736193_106,SHP_8144,CRITICAL: REROUTE,0.0
2025-12-26T13:33:29.942571,gdelt_1766736205_107,SHP_9215,WARNING: ALERT,0.0
2025-12-26T13:33:29.942571,gdelt_1766736205_107,SHP_9478,WARNING: ALERT,0.0
2025-12-26T13:33:39.370389,gdelt_1766736212_108,SHP_9215,WARNING: ALERT,0.0
2025-12-26T13:33:39.370389,gdelt_1766736212_108,SHP_7153,WARNING: ALERT,0.0
2025-12-26T13:33:48.102020,gdelt_1766736222_109,SHP_9215,INFO,0.0
2025-12-26T13:33:48.102020,gdelt_1766736222_109,SHP_5821,WARNING: ALERT,0.0
2025-12-26T13:33:57.226269,gdelt_1766736231_110,SHP_7153,WARNING: ALERT,0.0
2025-12-26T13:33:57.226269,gdelt_1766736231_110,SHP_8144,INFO,0.0
2025-12-26T13:35:06.369600,gdelt_1766736301_111,SHP_9215,CRITICAL: REROUTE,0.0
2025-12-26T13:35:06.369600,gdelt_1766736301_111,SHP_7153,WARNING: ALERT,0.0
2025-12-26T13:35:15.207778,gdelt_1766736309_112,SHP_9215,WARNING: ALERT,0.0
2025-12-26T13:35:15.207778,gdelt_1766736309_112,SHP_7153,INFO,0.0
2025-12-26T13:35:25.254761,gdelt_1766736318_113,SHP_8144,INFO,0.0
2025-12-26T13:35:25.254761,gdelt_1766736318_113,SHP_5821,INFO,0.0
2025-12-26T13:35:34.517166,gdelt_1766736328_114,SHP_7153,WARNING: ALERT,0.0
2025-12-26T13:35:34.517166,gdelt_1766736328_114,SHP_8144,INFO,0.0
2025-12-26T13:35:45.866908,gdelt_1766736337_115,SHP_8144,WARNING: ALERT,0.0
2025-12-26T13:35:45.866908,gdelt_1766736337_115,SHP_9478,WARNING: ALERT,0.0
2025-12-26T13:36:55.297249,gdelt_1766736410_116,SHP_9215,CRITICAL: REROUTE,0.0
2025-12-26T13:36:55.297249,gdelt_1766736410_116,SHP_5821,WARNING: ALERT,0.0
2025-12-26T13:37:04.502516,gdelt_1766736418_117,SHP_8144,CRITICAL: REROUTE,0.0
2025-12-26T13:37:04.502516,gdelt_1766736418_117,SHP_7153,CRITICAL: REROUTE,0.0
2025-12-26T13:37:19.362433,gdelt_1766736427_118,SHP_7153,WARNING: ALERT,0.0
2025-12-26T13:37:19.362433,gdelt_1766736427_118,SHP_8144,WARNING: ALERT,0.0
2025-12-26T13:37:28.308368,gdelt_1766736442_119,SHP_8144,WARNING: ALERT,0.0
2025-12-26T13:37:28.308368,gdelt_1766736442_119,SHP_5821,WARNING: ALERT,0.0
2025-12-26T13:37:39.782440,gdelt_1766736451_120,SHP_9478,WARNING: ALERT,0.0
2025-12-26T13:37:39.782440,gdelt_1766736451_120,SHP_5821,WARNING: ALERT,0.0
2025-12-26T13:38:49.410774,gdelt_1766736523_121,SHP_9478,CRITICAL: REROUTE,0.0
2025-12-26T13:38:49.410774,gdelt_1766736523_121,SHP_8144,WARNING: ALERT,0.0
2025-12-26T13:39:05.808227,gdelt_1766736532_122,SHP_9478,WARNING: ALERT,0.0
2025-12-26T13:39:05.808227,gdelt_1766736532_122,SHP_5821,WARNING: ALERT,0.0
2025-12-26T13:39:19.956541,gdelt_1766736548_123,SHP_9215,WARNING: ALERT,0.0
2025-12-26T13:39:19.956541,gdelt_1766736548_123,SHP_7153,CRITICAL: REROUTE,0.0
2025-12-26T13:39:29.577210,gdelt_1766736562_124,SHP_9478,WARNING: ALERT,0.0
2025-12-26T13:39:29.577210,gdelt_1766736562_124,SHP_5821,WARNING: ALERT,0.0
2025-12-26T13:39:47.526379,gdelt_1766736572_125,SHP_5821,WARNING: ALERT,0.0
2025-12-26T13:39:47.526379,gdelt_1766736572_125,SHP_7153,WARNING: ALERT,0.0
2025-12-26T13:40:56.535284,gdelt_1766736651_126,SHP_8144,CRITICAL: REROUTE,0.0
2025-12-26T13:40:56.535284,gdelt_1766736651_126,SHP_5821,CRITICAL: REROUTE,0.0
2025-12-26T13:41:06.295956,gdelt_1766736659_127,SHP_8144,WARNING: ALERT,0.0
2025-12-26T13:41:06.295956,gdelt_1766736659_127,SHP_9478,CRITICAL: REROUTE,0.0
2025-12-26T13:41:16.735550,gdelt_1766736669_128,SHP_9478,WARNING: ALERT,0.0
2025-12-26T13:41:16.735550,gdelt_1766736669_128,SHP_8144,WARNING: ALERT,0.0
2025-12-26T13:41:30.153202,gdelt_1766736679_129,SHP_8144,INFO,0.0
2025-12-26T13:41:30.153202,gdelt_1766736679_129,SHP_9215,WARNING: ALERT,0.0
2025-12-26T13:41:39.376970,gdelt_1766736693_130,SHP_5821,WARNING: ALERT,0.0
2025-12-26T13:41:39.376970,gdelt_1766736693_130,SHP_9478,WARNING: ALERT,0.0
2025-12-26T13:42:48.526430,gdelt_1766736762_131,SHP_5821,WARNING: ALERT,0.0
2025-12-26T13:42:48.526430,gdelt_1766736762_131,SHP_9215,CRITICAL: REROUTE,0.0
2025-12-26T13:42:57.992556,gdelt_1766736771_132,SHP_5821,WARNING: ALERT,0.0
2025-12-26T13:42:57.992556,gdelt_1766736771_132,SHP_7153,WARNING: ALERT,0.0
2025-12-26T13:43:08.443289,gdelt_1766736781_133,SHP_7153,CRITICAL: REROUTE,0.0
2025-12-26T13:43:08.443289,gdelt_1766736781_133,SHP_5821,CRITICAL: REROUTE,0.0
2025-12-26T13:43:17.367896,gdelt_1766736791_134,SHP_5821,WARNING: ALERT,0.0
2025-12-26T13:43:17.367896,gdelt_1766736791_134,SHP_8144,INFO,0.0
2025-12-26T13:43:26.992043,gdelt_1766736800_135,SHP_7153,WARNING: ALERT,0.0
2025-12-26T13:43:26.992043,gdelt_1766736800_135,SHP_9478,WARNING: ALERT,0.0
2025-12-26T13:44:35.570375,gdelt_1766736870_136,SHP_9215,WARNING: ALERT,0.0
2025-12-26T13:44:35.570375,gdelt_1766736870_136,SHP_5821,CRITICAL: REROUTE,0.0
2025-12-26T13:44:45.459847,gdelt_1766736878_137,SHP_9215,CRITICAL: REROUTE,0.0
2025-12-26T13:44:45.459847,gdelt_1766736878_137,SHP_7153,CRITICAL: REROUTE,0.0
2025-12-26T13:44:55.223499,gdelt_1766736888_138,SHP_9215,WARNING: ALERT,0.0
2025-12-26T13:44:55.223499,gdelt_1766736888_138,SHP_9478,CRITICAL: REROUTE,0.0
2025-12-26T13:45:05.137320,gdelt_1766736898_139,SHP_8144,INFO,0.0
2025-12-26T13:45:05.137320,gdelt_1766736898_139,SHP_9478,WARNING: ALERT,0.0
2025-12-26T13:45:14.873209,gdelt_1766736908_140,SHP_5821,WARNING: ALERT,0.0
2025-12-26T13:45:14.873209,gdelt_1766736908_140,SHP_7153,WARNING: ALERT,0.0
2025-12-26T13:46:24.902805,gdelt_1766736978_141,SHP_9478,WARNING: ALERT,0.0
2025-12-26T13:46:24.902805,gdelt_1766736978_141,SHP_9215,CRITICAL: REROUTE,0.0
2025-12-26T13:46:34.279699,gdelt_1766736987_142,SHP_7153,CRITICAL: REROUTE,0.0
2025-12-26T13:46:34.279699,gdelt_1766736987_142,SHP_9215,WARNING: ALERT,0.0
2025-12-26T13:46:45.472048,gdelt_1766736997_143,SHP_5821,WARNING: ALERT,0.0
2025-12-26T13:46:45.472048,gdelt_1766736997_143,SHP_9215,WARNING: ALERT,0.0
2025-12-26T13:46:59.398039,gdelt_1766737008_144,SHP_9215,WARNING: ALERT,0.0
2025-12-26T13:46:59.398039,gdelt_1766737008_144,SHP_7153,INFO,0.0
2025-12-26T13:47:08.878335,gdelt_1766737022_145,SHP_9215,WARNING: ALERT,0.0
2025-12-26T13:47:08.878335,gdelt_1766737022_145,SHP_7153,INFO,0.0
2025-12-26T13:48:17.552186,gdelt_1766737092_146,SHP_7153,CRITICAL: REROUTE,0.0
2025-12-26T13:48:17.552186,gdelt_1766737092_146,SHP_9478,CRITICAL: REROUTE,0.0
2025-12-26T13:48:27.477538,gdelt_1766737100_147,SHP_5821,CRITICAL: REROUTE,0.0
2025-12-26T13:48:27.477538,gdelt_1766737100_147,SHP_8144,WARNING: ALERT,0.0
2025-12-26T13:48:39.822014,gdelt_1766737110_148,SHP_7153,CRITICAL: REROUTE,0.0
2025-12-26T13:48:39.822014,gdelt_1766737110_148,SHP_9478,CRITICAL: REROUTE,0.0
2025-12-26T13:48:48.828682,gdelt_1766737122_149,SHP_9478,WARNING: ALERT,0.0
2025-12-26T13:48:48.828682,gdelt_1766737122_149,SHP_5821,INFO,0.0
2025-12-26T13:48:58.731343,gdelt_1766737131_150,SHP_9215,WARNING: ALERT,0.0
2025-12-26T13:48:58.731343,gdelt_1766737131_150,SHP_7153,INFO,0.0
2025-12-26T13:50:07.839894,gdelt_1766737202_151,SHP_8144,CRITICAL: REROUTE,0.0
2025-12-26T13:50:07.839894,gdelt_1766737202_151,SHP_5821,CRITICAL: REROUTE,0.0
2025-12-26T13:50:18.739872,gdelt_1766737210_152,SHP_9478,WARNING: ALERT,0.0
2025-12-26T13:50:18.739872,gdelt_1766737210_152,SHP_8144,CRITICAL: REROUTE,0.0
2025-12-26T13:50:28.173880,gdelt_1766737221_153,SHP_5821,CRITICAL: REROUTE,0.0
2025-12-26T13:50:28.173880,gdelt_1766737221_153,SHP_9478,WARNING: ALERT,0.0
2025-12-26T13:50:38.931429,gdelt_1766737231_154,SHP_8144,WARNING: ALERT,0.0
2025-12-26T13:50:38.931429,gdelt_1766737231_154,SHP_9478,WARNING: ALERT,0.0
2025-12-26T13:50:48.930906,gdelt_1766737241_155,SHP_8144,INFO,0.0
2025-12-26T13:50:48.930906,gdelt_1766737241_155,SHP_9215,WARNING: ALERT,0.0
2025-12-26T13:51:58.048205,gdelt_1766737313_156,SHP_9478,WARNING: ALERT,0.0
2025-12-26T13:51:58.048205,gdelt_1766737313_156,SHP_9215,CRITICAL: REROUTE,0.0
2025-12-26T13:52:09.501500,gdelt_1766737321_157,SHP_9215,CRITICAL: REROUTE,0.0
2025-12-26T13:52:09.501500,gdelt_1766737321_157,SHP_8144,WARNING: ALERT,0.0
2025-12-26T13:52:19.277452,gdelt_1766737332_158,SHP_5821,WARNING: ALERT,0.0
2025-12-26T13:52:19.277452,gdelt_1766737332_158,SHP_9478,WARNING: ALERT,0.0
2025-12-26T13:52:29.133049,gdelt_1766737342_159,SHP_9215,WARNING: ALERT,0.0
2025-12-26T13:52:29.133049,gdelt_1766737342_159,SHP_7153,CRITICAL: REROUTE,0.0
2025-12-26T13:52:39.536841,gdelt_1766737352_160,SHP_9215,WARNING: ALERT,0.0
2025-12-26T13:52:39.536841,gdelt_1766737352_160,SHP_7153,CRITICAL: REROUTE,0.0
2025-12-26T13:53:49.089423,gdelt_1766737423_161,SHP_7153,WARNING: ALERT,0.0
2025-12-26T13:53:49.089423,gdelt_1766737423_161,SHP_9215,CRITICAL: REROUTE,0.0
2025-12-26T13:53:59.405365,gdelt_1766737432_162,SHP_9478,CRITICAL: REROUTE,0.0
2025-12-26T13:53:59.405365,gdelt_1766737432_162,SHP_7153,WARNING: ALERT,0.0
2025-12-26T13:54:09.933655,gdelt_1766737442_163,SHP_7153,CRITICAL: REROUTE,0.0
2025-12-26T13:54:09.933655,gdelt_1766737442_163,SHP_9478,WARNING: ALERT,0.0
2025-12-26T13:54:19.542827,gdelt_1766737452_164,SHP_9215,WARNING: ALERT,0.0
2025-12-26T13:54:19.542827,gdelt_1766737452_164,SHP_8144,WARNING: ALERT,0.0
2025-12-26T13:54:29.340755,gdelt_1766737462_165,SHP_8144,CRITICAL: REROUTE,0.0
2025-12-26T13:54:29.340755,gdelt_1766737462_165,SHP_7153,WARNING: ALERT,0.0
2025-12-26T13:55:38.641669,gdelt_1766737533_166,SHP_5821,CRITICAL: REROUTE,0.0
2025-12-26T13:55:38.641669,gdelt_1766737533_166,SHP_8144,CRITICAL: REROUTE,0.0
2025-12-26T13:55:48.383591,gdelt_1766737541_167,SHP_8144,CRITICAL: REROUTE,0.0
2025-12-26T13:55:48.383591,gdelt_1766737541_167,SHP_9478,CRITICAL: REROUTE,0.0
2025-12-26T13:55:58.278933,gdelt_1766737551_168,SHP_5821,WARNING: ALERT,0.0
2025-12-26T13:55:58.278933,gdelt_1766737551_168,SHP_9478,CRITICAL: REROUTE,0.0
2025-12-26T13:56:08.499043,gdelt_1766737561_169,SHP_7153,WARNING: ALERT,0.0
2025-12-26T13:56:08.499043,gdelt_1766737561_169,SHP_5821,WARNING: ALERT,0.0
2025-12-26T13:56:18.261051,gdelt_1766737571_170,SHP_9478,WARNING: ALERT,0.0
2025-12-26T13:56:18.261051,gdelt_1766737571_170,SHP_8144,WARNING: ALERT,0.0
2025-12-26T13:57:26.928744,gdelt_1766737641_171,SHP_5821,WARNING: ALERT,0.0
2025-12-26T13:57:26.928744,gdelt_1766737641_171,SHP_9478,CRITICAL: REROUTE,0.0
2025-12-26T13:57:36.609649,gdelt_1766737649_172,SHP_5821,CRITICAL: REROUTE,0.0
2025-12-26T13:57:36.609649,gdelt_1766737649_172,SHP_9478,WARNING: ALERT,0.0
2025-12-26T13:57:46.718167,gdelt_1766737659_173,SHP_7153,CRITICAL: REROUTE,0.0
2025-12-26T13:57:46.718167,gdelt_1766737659_173,SHP_9478,CRITICAL: REROUTE,0.0
2025-12-26T13:57:56.700781,gdelt_1766737669_174,SHP_9478,CRITICAL: REROUTE,0.0
2025-12-26T13:57:56.700781,gdelt_1766737669_174,SHP_5821,WARNING: ALERT,0.0
2025-12-26T13:58:07.133219,gdelt_1766737679_175,SHP_5821,WARNING: ALERT,0.0
2025-12-26T13:58:07.133219,gdelt_1766737679_175,SHP_7153,WARNING: ALERT,0.0
2025-12-26T13:59:15.650843,gdelt_1766737750_176,SHP_5821,CRITICAL: REROUTE,0.0
2025-12-26T13:59:15.650843,gdelt_1766737750_176,SHP_9215,CRITICAL: REROUTE,0.0
2025-12-26T13:59:26.174337,gdelt_1766737758_177,SHP_7153,CRITICAL: REROUTE,0.0
2025-12-26T13:59:26.174337,gdelt_1766737758_177,SHP_9215,WARNING: ALERT,0.0
2025-12-26T13:59:36.532787,gdelt_1766737769_178,SHP_9215,CRITICAL: REROUTE,0.0
2025-12-26T13:59:36.532787,gdelt_1766737769_178,SHP_7153,WARNING: ALERT,0.0
2025-12-26T13:59:46.458631,gdelt_1766737779_179,SHP_5821,CRITICAL: REROUTE,0.0
2025-12-26T13:59:46.458631,gdelt_1766737779_179,SHP_7153,WARNING: ALERT,0.0
2025-12-26T13:59:56.212776,gdelt_1766737789_180,SHP_9215,WARNING: ALERT,0.0
2025-12-26T13:59:56.212776,gdelt_1766737789_180,SHP_9478,CRITICAL: REROUTE,0.0
2025-12-26T14:01:05.116613,gdelt_1766737859_181,SHP_8144,CRITICAL: REROUTE,0.0
2025-12-26T14:01:05.116613,gdelt_1766737859_181,SHP_9215,WARNING: ALERT,0.0
2025-12-26T14:01:15.303763,gdelt_1766737868_182,SHP_7153,CRITICAL: REROUTE,0.0
2025-12-26T14:01:15.303763,gdelt_1766737868_182,SHP_8144,CRITICAL: REROUTE,0.0
2025-12-26T14:01:27.443102,gdelt_1766737878_183,SHP_9478,WARNING: ALERT,0.0
2025-12-26T14:01:27.443102,gdelt_1766737878_183,SHP_5821,WARNING: ALERT,0.0
2025-12-26T14:01:37.546430,gdelt_1766737890_184,SHP_9478,CRITICAL: REROUTE,0.0
2025-12-26T14:01:37.546430,gdelt_1766737890_184,SHP_5821,WARNING: ALERT,0.0
2025-12-26T14:01:47.064166,gdelt_1766737900_185,SHP_9215,CRITICAL: REROUTE,0.0
2025-12-26T14:01:47.064166,gdelt_1766737900_185,SHP_5821,CRITICAL: REROUTE,0.0
2025-12-26T14:02:55.571782,gdelt_1766737970_186,SHP_5821,CRITICAL: REROUTE,0.0
2025-12-26T14:02:55.571782,gdelt_1766737970_186,SHP_8144,WARNING: ALERT,0.0
2025-12-26T14:03:05.930285,gdelt_1766737978_187,SHP_7153,WARNING: ALERT,0.0
2025-12-26T14:03:05.930285,gdelt_1766737978_187,SHP_8144,WARNING: ALERT,0.0
2025-12-26T14:03:15.667237,gdelt_1766737988_188,SHP_9215,WARNING: ALERT,0.0
2025-12-26T14:03:15.667237,gdelt_1766737988_188,SHP_5821,CRITICAL: REROUTE,0.0
2025-12-26T14:03:27.754075,gdelt_1766737998_189,SHP_7153,CRITICAL: REROUTE,0.0
2025-12-26T14:03:27.754075,gdelt_1766737998_189,SHP_8144,CRITICAL: REROUTE,0.0
2025-12-26T14:03:37.621932,gdelt_1766738010_190,SHP_9215,WARNING: ALERT,0.0
2025-12-26T14:03:37.621932,gdelt_1766738010_190,SHP_9478,CRITICAL: REROUTE,0.0
2025-12-26T14:04:46.504395,gdelt_1766738081_191,SHP_7153,CRITICAL: REROUTE,0.0
2025-12-26T14:04:46.504395,gdelt_1766738081_191,SHP_5821,WARNING: ALERT,0.0
2025-12-26T14:04:56.511305,gdelt_1766738089_192,SHP_9478,WARNING: ALERT,0.0
2025-12-26T14:04:56.511305,gdelt_1766738089_192,SHP_9215,WARNING: ALERT,0.0
2025-12-26T14:05:06.244717,gdelt_1766738099_193,SHP_9478,CRITICAL: REROUTE,0.0
2025-12-26T14:05:06.244717,gdelt_1766738099_193,SHP_5821,WARNING: ALERT,0.0
2025-12-26T14:05:16.974181,gdelt_1766738109_194,SHP_8144,CRITICAL: REROUTE,0.0
2025-12-26T14:05:16.974181,gdelt_1766738109_194,SHP_9215,CRITICAL: REROUTE,0.0
2025-12-26T14:05:26.791492,gdelt_1766738119_195,SHP_5821,CRITICAL: REROUTE,0.0
2025-12-26T14:05:26.791492,gdelt_1766738119_195,SHP_9215,CRITICAL: REROUTE,0.0
2025-12-26T14:06:36.036556,gdelt_1766738190_196,SHP_7153,CRITICAL: REROUTE,0.0
2025-12-26T14:06:36.036556,gdelt_1766738190_196,SHP_8144,CRITICAL: REROUTE,0.0
2025-12-26T14:06:45.721053,gdelt_1766738199_197,SHP_5821,WARNING: ALERT,0.0
2025-12-26T14:06:45.721053,gdelt_1766738199_197,SHP_9478,WARNING: ALERT,0.0
2025-12-26T14:06:54.929106,gdelt_1766738208_198,SHP_9478,WARNING: ALERT,0.0
2025-12-26T14:06:54.929106,gdelt_1766738208_198,SHP_5821,INFO,0.0
2025-12-26T14:07:04.400888,gdelt_1766738217_199,SHP_9215,CRITICAL: REROUTE,0.0
2025-12-26T14:07:04.400888,gdelt_1766738217_199,SHP_8144,CRITICAL: REROUTE,0.0
2025-12-26T14:07:14.438758,gdelt_1766738227_200,SHP_9478,WARNING: ALERT,0.0
2025-12-26T14:07:14.438758,gdelt_1766738227_200,SHP_5821,WARNING: ALERT,0.0
2025-12-26T14:08:23.747384,gdelt_1766738298_201,SHP_9215,WARNING: ALERT,0.0
2025-12-26T14:08:23.747384,gdelt_1766738298_201,SHP_8144,CRITICAL: REROUTE,0.0
2025-12-26T14:08:33.457965,gdelt_1766738306_202,SHP_7153,WARNING: ALERT,0.0
2025-12-26T14:08:33.457965,gdelt_1766738306_202,SHP_9215,INFO,0.0
2025-12-26T14:08:42.931220,gdelt_1766738316_203,SHP_8144,WARNING: ALERT,0.0
2025-12-26T14:08:42.931220,gdelt_1766738316_203,SHP_9478,INFO,0.0
2025-12-26T14:08:52.277422,gdelt_1766738325_204,SHP_9478,CRITICAL: REROUTE,0.0
2025-12-26T14:08:52.277422,gdelt_1766738325_204,SHP_5821,WARNING: ALERT,0.0
2025-12-26T14:09:02.101705,gdelt_1766738335_205,SHP_7153,WARNING: ALERT,0.0
2025-12-26T14:09:02.101705,gdelt_1766738335_205,SHP_5821,WARNING: ALERT,0.0
2025-12-26T14:10:11.563136,gdelt_1766738406_206,SHP_9215,CRITICAL: REROUTE,0.0
2025-12-26T14:10:11.563136,gdelt_1766738406_206,SHP_9478,CRITICAL: REROUTE,0.0
2025-12-26T14:10:21.537421,gdelt_1766738414_207,SHP_5821,WARNING: ALERT,0.0
2025-12-26T14:10:21.537421,gdelt_1766738414_207,SHP_9215,WARNING: ALERT,0.0
2025-12-26T14:10:31.618334,gdelt_1766738424_208,SHP_9478,WARNING: ALERT,0.0
2025-12-26T14:10:31.618334,gdelt_1766738424_208,SHP_8144,WARNING: ALERT,0.0
2025-12-26T14:10:41.569637,gdelt_1766738434_209,SHP_7153,WARNING: ALERT,0.0
2025-12-26T14:10:41.569637,gdelt_1766738434_209,SHP_9215,WARNING: ALERT,0.0
2025-12-26T14:10:51.062819,gdelt_1766738444_210,SHP_5821,WARNING: ALERT,0.0
2025-12-26T14:10:51.062819,gdelt_1766738444_210,SHP_8144,WARNING: ALERT,0.0
2025-12-26T14:12:00.465571,gdelt_1766738515_211,SHP_8144,WARNING: ALERT,0.0
2025-12-26T14:12:00.465571,gdelt_1766738515_211,SHP_9478,CRITICAL: REROUTE,0.0
2025-12-26T14:12:11.109829,gdelt_1766738523_212,SHP_9478,WARNING: ALERT,0.0
2025-12-26T14:12:11.109829,gdelt_1766738523_212,SHP_8144,INFO,0.0
2025-12-26T14:28:40.928157,gdelt_1766739517_213,SHP_8144,INFO,0.0
2025-12-26T14:28:40.928157,gdelt_1766739517_213,SHP_9215,WARNING: ALERT,0.0
2025-12-26T14:28:47.646099,gdelt_1766739523_214,SHP_7153,CRITICAL: REROUTE,0.0
2025-12-26T14:28:47.646099,gdelt_1766739523_214,SHP_5821,WARNING: ALERT,0.0
2025-12-26T14:28:54.959117,gdelt_1766739530_215,SHP_8144,CRITICAL: REROUTE,0.0
2025-12-26T14:28:54.959117,gdelt_1766739530_215,SHP_7153,CRITICAL: REROUTE,0.0
2025-12-26T14:30:04.182202,gdelt_1766739598_216,SHP_9478,WARNING: ALERT,0.0
2025-12-26T14:30:04.182202,gdelt_1766739598_216,SHP_9215,INFO,0.0
2025-12-26T14:30:13.523901,gdelt_1766739607_217,SHP_9215,INFO,0.0
2025-12-26T14:30:13.523901,gdelt_1766739607_217,SHP_8144,INFO,0.0
2025-12-26T14:30:21.823814,gdelt_1766739616_218,SHP_9478,WARNING: ALERT,0.0
2025-12-26T14:30:21.823814,gdelt_1766739616_218,SHP_9215,WARNING: ALERT,0.0
2025-12-26T14:30:31.941899,gdelt_1766739624_219,SHP_8144,CRITICAL: REROUTE,0.0
2025-12-26T14:30:31.941899,gdelt_1766739624_219,SHP_9478,WARNING: ALERT,0.0
2025-12-26T14:30:43.041437,gdelt_1766739634_220,SHP_7153,CRITICAL: REROUTE,0.0
2025-12-26T14:30:43.041437,gdelt_1766739634_220,SHP_9478,WARNING: ALERT,0.0
2025-12-26T14:31:51.665827,gdelt_1766739707_221,SHP_7153,INFO,0.0
2025-12-26T14:31:51.665827,gdelt_1766739707_221,SHP_9478,INFO,0.0
2025-12-26T14:32:00.966140,gdelt_1766739714_222,SHP_5821,INFO,0.0
2025-12-26T14:32:00.966140,gdelt_1766739714_222,SHP_8144,INFO,0.0
2025-12-26T14:32:11.604464,gdelt_1766739723_223,SHP_5821,INFO,0.0
2025-12-26T14:32:11.604464,gdelt_1766739723_223,SHP_7153,INFO,0.0
2025-12-26T14:32:21.221709,gdelt_1766739734_224,SHP_9215,CRITICAL: REROUTE,0.0
2025-12-26T14:32:21.221709,gdelt_1766739734_224,SHP_9478,WARNING: ALERT,0.0
2025-12-26T14:32:31.649936,gdelt_1766739744_225,SHP_9478,WARNING: ALERT,0.0
2025-12-26T14:32:31.649936,gdelt_1766739744_225,SHP_9215,WARNING: ALERT,0.0
2025-12-26T14:33:39.831014,gdelt_1766739815_226,SHP_9478,INFO,0.0
2025-12-26T14:33:39.831014,gdelt_1766739815_226,SHP_9215,INFO,0.0
2025-12-26T14:33:49.504250,gdelt_1766739822_227,SHP_7153,WARNING: ALERT,0.0
2025-12-26T14:33:49.504250,gdelt_1766739822_227,SHP_5821,WARNING: ALERT,0.0
2025-12-26T14:33:58.645013,gdelt_1766739832_228,SHP_5821,INFO,0.0
2025-12-26T14:33:58.645013,gdelt_1766739832_228,SHP_8144,INFO,0.0
2025-12-26T14:34:08.756721,gdelt_1766739841_229,SHP_9478,WARNING: ALERT,0.0
2025-12-26T14:34:08.756721,gdelt_1766739841_229,SHP_5821,WARNING: ALERT,0.0
2025-12-26T14:34:18.341689,gdelt_1766739851_230,SHP_9478,CRITICAL: REROUTE,0.0
2025-12-26T14:34:18.341689,gdelt_1766739851_230,SHP_7153,CRITICAL: REROUTE,0.0
2025-12-26T14:35:27.789938,gdelt_1766739922_231,SHP_9215,WARNING: ALERT,0.0
2025-12-26T14:35:27.789938,gdelt_1766739922_231,SHP_9478,WARNING: ALERT,0.0
2025-12-26T14:35:37.542086,gdelt_1766739930_232,SHP_9215,WARNING: ALERT,0.0
2025-12-26T14:35:37.542086,gdelt_1766739930_232,SHP_8144,INFO,0.0
2025-12-26T14:35:46.393762,gdelt_1766739940_233,SHP_9215,INFO,0.0
2025-12-26T14:35:46.393762,gdelt_1766739940_233,SHP_5821,INFO,0.0
2025-12-26T14:35:55.406443,gdelt_1766739949_234,SHP_7153,WARNING: ALERT,0.0
2025-12-26T14:35:55.406443,gdelt_1766739949_234,SHP_9215,INFO,0.0
2025-12-26T14:36:05.045648,gdelt_1766739958_235,SHP_5821,WARNING: ALERT,0.0
2025-12-26T14:36:05.045648,gdelt_1766739958_235,SHP_9215,WARNING: ALERT,0.0
2025-12-26T14:37:14.332360,gdelt_1766740029_236,SHP_7153,INFO,0.0
2025-12-26T14:37:14.332360,gdelt_1766740029_236,SHP_8144,WARNING: ALERT,0.0
2025-12-26T14:37:24.699170,gdelt_1766740037_237,SHP_9215,WARNING: ALERT,0.0
2025-12-26T14:37:24.699170,gdelt_1766740037_237,SHP_9478,WARNING: ALERT,0.0
2025-12-26T14:37:34.303583,gdelt_1766740047_238,SHP_9215,INFO,0.0
2025-12-26T14:37:34.303583,gdelt_1766740047_238,SHP_5821,WARNING: ALERT,0.0
2025-12-26T14:37:43.664376,gdelt_1766740057_239,SHP_9478,WARNING: ALERT,0.0
2025-12-26T14:37:43.664376,gdelt_1766740057_239,SHP_5821,WARNING: ALERT,0.0
2025-12-26T14:37:52.855062,gdelt_1766740066_240,SHP_9215,WARNING: ALERT,0.0
2025-12-26T14:37:52.855062,gdelt_1766740066_240,SHP_8144,INFO,0.0
2025-12-26T14:39:00.947097,gdelt_1766740136_241,SHP_8144,INFO,0.0
2025-12-26T14:39:00.947097,gdelt_1766740136_241,SHP_9215,INFO,0.0
2025-12-26T14:39:10.589609,gdelt_1766740143_242,SHP_7153,WARNING: ALERT,0.0
2025-12-26T14:39:10.589609,gdelt_1766740143_242,SHP_8144,INFO,0.0
2025-12-26T14:39:19.508143,gdelt_1766740153_243,SHP_7153,INFO,0.0
2025-12-26T14:39:19.508143,gdelt_1766740153_243,SHP_9478,INFO,0.0
2025-12-26T14:39:28.511818,gdelt_1766740162_244,SHP_9478,INFO,0.0
2025-12-26T14:39:28.511818,gdelt_1766740162_244,SHP_7153,INFO,0.0
2025-12-26T14:39:38.104650,gdelt_1766740171_245,SHP_5821,WARNING: ALERT,0.0
2025-12-26T14:39:38.104650,gdelt_1766740171_245,SHP_9215,WARNING: ALERT,0.0
2025-12-26T14:40:46.232789,gdelt_1766740241_246,SHP_9478,INFO,0.0
2025-12-26T14:40:46.232789,gdelt_1766740241_246,SHP_5821,WARNING: ALERT,0.0
2025-12-26T14:40:55.838479,gdelt_1766740249_247,SHP_8144,INFO,0.0
2025-12-26T14:40:55.838479,gdelt_1766740249_247,SHP_7153,WARNING: ALERT,0.0
2025-12-26T14:41:05.253817,gdelt_1766740258_248,SHP_5821,INFO,0.0
2025-12-26T14:41:05.253817,gdelt_1766740258_248,SHP_9478,INFO,0.0
2025-12-26T14:41:14.311327,gdelt_1766740268_249,SHP_9478,INFO,0.0
2025-12-26T14:41:14.311327,gdelt_1766740268_249,SHP_5821,INFO,0.0
2025-12-26T14:41:25.348279,gdelt_1766740277_250,SHP_7153,INFO,0.0
2025-12-26T14:41:25.348279,gdelt_1766740277_250,SHP_8144,WARNING: ALERT,0.0
2025-12-26T14:42:33.584046,gdelt_1766740349_251,SHP_9478,INFO,0.0
2025-12-26T14:42:33.584046,gdelt_1766740349_251,SHP_9215,INFO,0.0
2025-12-26T14:42:42.938498,gdelt_1766740356_252,SHP_7153,INFO,0.0
2025-12-26T14:42:42.938498,gdelt_1766740356_252,SHP_5821,INFO,0.0
2025-12-26T14:42:52.268960,gdelt_1766740365_253,SHP_9478,INFO,0.0
2025-12-26T14:42:52.268960,gdelt_1766740365_253,SHP_9215,INFO,0.0
2025-12-26T14:43:01.059847,gdelt_1766740375_254,SHP_9478,INFO,0.0
2025-12-26T14:43:01.059847,gdelt_1766740375_254,SHP_7153,INFO,0.0
2025-12-26T14:43:10.342034,gdelt_1766740384_255,SHP_9215,WARNING: ALERT,0.0
2025-12-26T14:43:10.342034,gdelt_1766740384_255,SHP_5821,INFO,0.0
2025-12-26T14:44:18.943399,gdelt_1766740453_256,SHP_5821,INFO,0.0
2025-12-26T14:44:18.943399,gdelt_1766740453_256,SHP_8144,WARNING: ALERT,0.0
2025-12-26T14:44:28.527144,gdelt_1766740461_257,SHP_5821,WARNING: ALERT,0.0
2025-12-26T14:44:28.527144,gdelt_1766740461_257,SHP_8144,INFO,0.0
2025-12-26T14:44:38.278946,gdelt_1766740471_258,SHP_9478,INFO,0.0
2025-12-26T14:44:38.278946,gdelt_1766740471_258,SHP_9215,INFO,0.0
2025-12-26T14:44:47.342501,gdelt_1766740481_259,SHP_7153,INFO,0.0
2025-12-26T14:44:47.342501,gdelt_1766740481_259,SHP_9215,INFO,0.0
2025-12-26T14:44:57.007655,gdelt_1766740490_260,SHP_9478,WARNING: ALERT,0.0
2025-12-26T14:44:57.007655,gdelt_1766740490_260,SHP_5821,INFO,0.0
2025-12-26T14:46:06.239038,gdelt_1766740561_261,SHP_7153,INFO,0.0
2025-12-26T14:46:06.239038,gdelt_1766740561_261,SHP_9215,INFO,0.0
2025-12-26T14:46:15.778011,gdelt_1766740569_262,SHP_8144,WARNING: ALERT,0.0
2025-12-26T14:46:15.778011,gdelt_1766740569_262,SHP_5821,WARNING: ALERT,0.0
2025-12-26T14:46:24.919011,gdelt_1766740578_263,SHP_9215,WARNING: ALERT,0.0
2025-12-26T14:46:24.919011,gdelt_1766740578_263,SHP_7153,INFO,0.0
2025-12-26T14:46:34.467625,gdelt_1766740587_264,SHP_7153,WARNING: ALERT,0.0
2025-12-26T14:46:34.467625,gdelt_1766740587_264,SHP_9478,WARNING: ALERT,0.0
2025-12-26T14:46:44.254404,gdelt_1766740597_265,SHP_5821,INFO,0.0
2025-12-26T14:46:44.254404,gdelt_1766740597_265,SHP_9478,WARNING: ALERT,0.0
2025-12-26T14:47:52.760469,gdelt_1766740667_266,SHP_8144,WARNING: ALERT,0.0
2025-12-26T14:47:52.760469,gdelt_1766740667_266,SHP_5821,INFO,0.0
2025-12-26T14:48:01.815480,gdelt_1766740675_267,SHP_5821,INFO,0.0
2025-12-26T14:48:01.815480,gdelt_1766740675_267,SHP_9215,WARNING: ALERT,0.0
2025-12-26T14:48:11.504165,gdelt_1766740684_268,SHP_5821,WARNING: ALERT,0.0
2025-12-26T14:48:11.504165,gdelt_1766740684_268,SHP_7153,WARNING: ALERT,0.0
2025-12-26T14:48:20.635737,gdelt_1766740694_269,SHP_9478,WARNING: ALERT,0.0
2025-12-26T14:48:20.635737,gdelt_1766740694_269,SHP_9215,WARNING: ALERT,0.0
2025-12-26T14:48:30.107580,gdelt_1766740703_270,SHP_7153,WARNING: ALERT,0.0
2025-12-26T14:48:30.107580,gdelt_1766740703_270,SHP_9478,WARNING: ALERT,0.0
2025-12-26T14:49:39.126979,gdelt_1766740773_271,SHP_8144,WARNING: ALERT,0.0
2025-12-26T14:49:39.126979,gdelt_1766740773_271,SHP_7153,WARNING: ALERT,0.0
2025-12-26T14:49:48.475457,gdelt_1766740782_272,SHP_9478,INFO,0.0
2025-12-26T14:49:48.475457,gdelt_1766740782_272,SHP_7153,INFO,0.0
2025-12-26T14:49:58.227947,gdelt_1766740791_273,SHP_8144,INFO,0.0
2025-12-26T14:49:58.227947,gdelt_1766740791_273,SHP_5821,WARNING: ALERT,0.0
2025-12-26T14:50:09.904265,gdelt_1766740801_274,SHP_9215,WARNING: ALERT,0.0
2025-12-26T14:50:09.904265,gdelt_1766740801_274,SHP_7153,WARNING: ALERT,0.0
2025-12-26T14:50:19.123897,gdelt_1766740812_275,SHP_8144,WARNING: ALERT,0.0
2025-12-26T14:50:19.123897,gdelt_1766740812_275,SHP_7153,WARNING: ALERT,0.0
2025-12-26T14:51:27.721600,gdelt_1766740883_276,SHP_9215,INFO,0.0
2025-12-26T14:51:27.721600,gdelt_1766740883_276,SHP_9478,WARNING: ALERT,0.0
2025-12-26T14:51:37.502848,gdelt_1766740890_277,SHP_8144,WARNING: ALERT,0.0
2025-12-26T14:51:37.502848,gdelt_1766740890_277,SHP_9215,WARNING: ALERT,0.0
2025-12-26T14:51:47.940889,gdelt_1766740900_278,SHP_7153,WARNING: ALERT,0.0
2025-12-26T14:51:47.940889,gdelt_1766740900_278,SHP_9215,WARNING: ALERT,0.0
2025-12-26T14:51:59.865098,gdelt_1766740910_279,SHP_5821,CRITICAL: REROUTE,0.0
2025-12-26T14:51:59.865098,gdelt_1766740910_279,SHP_9478,CRITICAL: REROUTE,0.0
2025-12-26T14:52:09.144887,gdelt_1766740922_280,SHP_9478,CRITICAL: REROUTE,0.0
2025-12-26T14:52:09.144887,gdelt_1766740922_280,SHP_7153,CRITICAL: REROUTE,0.0
2025-12-26T14:53:17.313051,gdelt_1766740992_281,SHP_5821,WARNING: ALERT,0.0
2025-12-26T14:53:17.313051,gdelt_1766740992_281,SHP_9478,INFO,0.0
2025-12-26T14:53:27.946093,gdelt_1766741000_282,SHP_9215,CRITICAL: REROUTE,0.0
2025-12-26T14:53:27.946093,gdelt_1766741000_282,SHP_8144,CRITICAL: REROUTE,0.0
2025-12-26T14:53:37.871620,gdelt_1766741010_283,SHP_5821,CRITICAL: REROUTE,0.0
2025-12-26T14:53:37.871620,gdelt_1766741010_283,SHP_9478,WARNING: ALERT,0.0
2025-12-26T14:53:47.598498,gdelt_1766741020_284,SHP_9215,CRITICAL: REROUTE,0.0
2025-12-26T14:53:47.598498,gdelt_1766741020_284,SHP_7153,WARNING: ALERT,0.0
2025-12-26T14:53:57.163674,gdelt_1766741030_285,SHP_9478,CRITICAL: REROUTE,0.0
2025-12-26T14:53:57.163674,gdelt_1766741030_285,SHP_5821,WARNING: ALERT,0.0
2025-12-26T14:55:07.307450,gdelt_1766741101_286,SHP_7153,WARNING: ALERT,0.0
2025-12-26T14:55:07.307450,gdelt_1766741101_286,SHP_5821,WARNING: ALERT,0.0
2025-12-26T14:55:16.534909,gdelt_1766741110_287,SHP_5821,CRITICAL: REROUTE,0.0
2025-12-26T14:55:16.534909,gdelt_1766741110_287,SHP_7153,WARNING: ALERT,0.0
2025-12-26T14:55:26.228490,gdelt_1766741119_288,SHP_9478,WARNING: ALERT,0.0
2025-12-26T14:55:26.228490,gdelt_1766741119_288,SHP_5821,CRITICAL: REROUTE,0.0
2025-12-26T14:55:35.966548,gdelt_1766741129_289,SHP_8144,CRITICAL: REROUTE,0.0
2025-12-26T14:55:35.966548,gdelt_1766741129_289,SHP_7153,WARNING: ALERT,0.0
2025-12-26T14:55:45.861351,gdelt_1766741138_290,SHP_7153,CRITICAL: REROUTE,0.0
2025-12-26T14:55:45.861351,gdelt_1766741138_290,SHP_9478,WARNING: ALERT,0.0
2025-12-26T14:56:54.783432,gdelt_1766741209_291,SHP_5821,WARNING: ALERT,0.0
2025-12-26T14:56:54.783432,gdelt_1766741209_291,SHP_9215,WARNING: ALERT,0.0
2025-12-26T14:57:04.638120,gdelt_1766741217_292,SHP_9215,WARNING: ALERT,0.0
2025-12-26T14:57:04.638120,gdelt_1766741217_292,SHP_9478,CRITICAL: REROUTE,0.0
